Mesh,MeshScale,Vd_V,Node,Stage,Vg_V,Storage_TotalCurrent_signed_A,AbsId_A
Coarse,2.0,0.05,n51,1,0.00035,4.4681254e-16,4.4681254e-16
Coarse,2.0,0.05,n51,1,0.00076948148,4.5408241e-16,4.5408241e-16
Coarse,2.0,0.05,n51,1,0.0012722378,4.6294897e-16,4.6294897e-16
Coarse,2.0,0.05,n51,1,0.0018748006,4.7379895e-16,4.7379895e-16
Coarse,2.0,0.05,n51,1,0.0025969832,4.8712797e-16,4.8712797e-16
Coarse,2.0,0.05,n51,1,0.0034625325,5.036828e-16,5.036828e-16
Coarse,2.0,0.05,n51,1,0.004498627,5.2417487e-16,5.2417487e-16
Coarse,2.0,0.05,n51,1,0.0057388705,5.4980361e-16,5.4980361e-16
Coarse,2.0,0.05,n51,1,0.0072234879,5.821348e-16,5.821348e-16
Coarse,2.0,0.05,n51,1,0.0090006299,6.233455e-16,6.233455e-16
Coarse,2.0,0.05,n51,1,0.011127935,6.7652925e-16,6.7652925e-16
Coarse,2.0,0.05,n51,1,0.013674397,7.4619044e-16,7.4619044e-16
Coarse,2.0,0.05,n51,1,0.016722608,8.3906946e-16,8.3906946e-16
Coarse,2.0,0.05,n51,1,0.020371428,9.6556632e-16,9.6556632e-16
Coarse,2.0,0.05,n51,1,0.024739201,1.1422879e-15,1.1422879e-15
Coarse,2.0,0.05,n51,1,0.029967588,1.3967858e-15,1.3967858e-15
Coarse,2.0,0.05,n51,1,0.03622616,1.776722e-15,1.776722e-15
Coarse,2.0,0.05,n51,1,0.04322616,2.3249748e-15,2.3249748e-15
Coarse,2.0,0.05,n51,1,0.05022616,3.0437147e-15,3.0437147e-15
Coarse,2.0,0.05,n51,1,0.05722616,3.9845691e-15,3.9845691e-15
Coarse,2.0,0.05,n51,1,0.06422616,5.2161535e-15,5.2161535e-15
Coarse,2.0,0.05,n51,1,0.07122616,6.8282718e-15,6.8282718e-15
Coarse,2.0,0.05,n51,1,0.07822616,8.9384562e-15,8.9384562e-15
Coarse,2.0,0.05,n51,1,0.08522616,1.1700525e-14,1.1700525e-14
Coarse,2.0,0.05,n51,1,0.09222616,1.5315779e-14,1.5315779e-14
Coarse,2.0,0.05,n51,1,0.09922616,2.0047654e-14,2.0047654e-14
Coarse,2.0,0.05,n51,1,0.10622616,2.6240892e-14,2.6240892e-14
Coarse,2.0,0.05,n51,1,0.11322616,3.4346702e-14,3.4346702e-14
Coarse,2.0,0.05,n51,1,0.12022616,4.4955117e-14,4.4955117e-14
Coarse,2.0,0.05,n51,1,0.12722616,5.8838858e-14,5.8838858e-14
Coarse,2.0,0.05,n51,1,0.13422616,7.7008529e-14,7.7008529e-14
Coarse,2.0,0.05,n51,1,0.14122616,1.0078656e-13,1.0078656e-13
Coarse,2.0,0.05,n51,1,0.14822616,1.3190319e-13,1.3190319e-13
Coarse,2.0,0.05,n51,1,0.15522616,1.7262214e-13,1.7262214e-13
Coarse,2.0,0.05,n51,1,0.16222616,2.2596225e-13,2.2596225e-13
Coarse,2.0,0.05,n51,1,0.16922616,2.956957e-13,2.956957e-13
Coarse,2.0,0.05,n51,1,0.17622616,3.8693827e-13,3.8693827e-13
Coarse,2.0,0.05,n51,1,0.18322616,5.0632041e-13,5.0632041e-13
Coarse,2.0,0.05,n51,1,0.19022616,6.6251503e-13,6.6251503e-13
Coarse,2.0,0.05,n51,1,0.19722616,8.668661e-13,8.668661e-13
Coarse,2.0,0.05,n51,1,0.20422616,1.1342105e-12,1.1342105e-12
Coarse,2.0,0.05,n51,1,0.21122616,1.4839527e-12,1.4839527e-12
Coarse,2.0,0.05,n51,1,0.21822616,1.941469e-12,1.941469e-12
Coarse,2.0,0.05,n51,1,0.22522616,2.539944e-12,2.539944e-12
Coarse,2.0,0.05,n51,1,0.23222616,3.3227697e-12,3.3227697e-12
Coarse,2.0,0.05,n51,1,0.23922616,4.3466822e-12,4.3466822e-12
Coarse,2.0,0.05,n51,1,0.24622616,5.6858593e-12,5.6858593e-12
Coarse,2.0,0.05,n51,1,0.25322616,7.4372751e-12,7.4372751e-12
Coarse,2.0,0.05,n51,1,0.26022616,9.7276948e-12,9.7276948e-12
Coarse,2.0,0.05,n51,1,0.26722616,1.2722812e-11,1.2722812e-11
Coarse,2.0,0.05,n51,1,0.27422616,1.6639182e-11,1.6639182e-11
Coarse,2.0,0.05,n51,1,0.28122616,2.1759804e-11,2.1759804e-11
Coarse,2.0,0.05,n51,1,0.28822616,2.8454464e-11,2.8454464e-11
Coarse,2.0,0.05,n51,1,0.29522616,3.7206289e-11,3.7206289e-11
Coarse,2.0,0.05,n51,1,0.30222616,4.8646398e-11,4.8646398e-11
Coarse,2.0,0.05,n51,1,0.30922616,6.3599104e-11,6.3599104e-11
Coarse,2.0,0.05,n51,1,0.31622616,8.3140865e-11,8.3140865e-11
Coarse,2.0,0.05,n51,1,0.32322616,1.0867714e-10,1.0867714e-10
Coarse,2.0,0.05,n51,1,0.33022616,1.4204255e-10,1.4204255e-10
Coarse,2.0,0.05,n51,1,0.33722616,1.8563127e-10,1.8563127e-10
Coarse,2.0,0.05,n51,1,0.34422616,2.4256684e-10,2.4256684e-10
Coarse,2.0,0.05,n51,1,0.35,3.0242492e-10,3.0242492e-10
Coarse,2.0,0.05,n51,2,0.350015,3.0259822e-10,3.0259822e-10
Coarse,2.0,0.05,n51,2,0.35003149,3.0278886e-10,3.0278886e-10
Coarse,2.0,0.05,n51,2,0.35004962,3.029986e-10,3.029986e-10
Coarse,2.0,0.05,n51,2,0.35006956,3.0322937e-10,3.0322937e-10
Coarse,2.0,0.05,n51,2,0.35009148,3.0348329e-10,3.0348329e-10
Coarse,2.0,0.05,n51,2,0.35011557,3.037627e-10,3.037627e-10
Coarse,2.0,0.05,n51,2,0.35014206,3.040702e-10,3.040702e-10
Coarse,2.0,0.05,n51,2,0.35017119,3.0440863e-10,3.0440863e-10
Coarse,2.0,0.05,n51,2,0.35020322,3.0478115e-10,3.0478115e-10
Coarse,2.0,0.05,n51,2,0.35023843,3.0519125e-10,3.0519125e-10
Coarse,2.0,0.05,n51,2,0.35027714,3.0564276e-10,3.0564276e-10
Coarse,2.0,0.05,n51,2,0.3503197,3.0613994e-10,3.0613994e-10
Coarse,2.0,0.05,n51,2,0.35036649,3.0668749e-10,3.0668749e-10
Coarse,2.0,0.05,n51,2,0.35041793,3.0729062e-10,3.0729062e-10
Coarse,2.0,0.05,n51,2,0.35047449,3.079551e-10,3.079551e-10
Coarse,2.0,0.05,n51,2,0.35053668,3.0868731e-10,3.0868731e-10
Coarse,2.0,0.05,n51,2,0.35060505,3.0949434e-10,3.0949434e-10
Coarse,2.0,0.05,n51,2,0.35068022,3.1038405e-10,3.1038405e-10
Coarse,2.0,0.05,n51,2,0.35076286,3.1136519e-10,3.1136519e-10
Coarse,2.0,0.05,n51,2,0.35085372,3.1244746e-10,3.1244746e-10
Coarse,2.0,0.05,n51,2,0.35095362,3.136417e-10,3.136417e-10
Coarse,2.0,0.05,n51,2,0.35106345,3.1495996e-10,3.1495996e-10
Coarse,2.0,0.05,n51,2,0.35118421,3.1641569e-10,3.1641569e-10
Coarse,2.0,0.05,n51,2,0.35131697,3.1802393e-10,3.1802393e-10
Coarse,2.0,0.05,n51,2,0.35146294,3.1980152e-10,3.1980152e-10
Coarse,2.0,0.05,n51,2,0.35162342,3.2176733e-10,3.2176733e-10
Coarse,2.0,0.05,n51,2,0.35179986,3.2394255e-10,3.2394255e-10
Coarse,2.0,0.05,n51,2,0.35199384,3.2635101e-10,3.2635101e-10
Coarse,2.0,0.05,n51,2,0.35220712,3.2901961e-10,3.2901961e-10
Coarse,2.0,0.05,n51,2,0.35244161,3.3197873e-10,3.3197873e-10
Coarse,2.0,0.05,n51,2,0.35269941,3.3526277e-10,3.3526277e-10
Coarse,2.0,0.05,n51,2,0.35298285,3.3891081e-10,3.3891081e-10
Coarse,2.0,0.05,n51,2,0.35329448,3.4296735e-10,3.4296735e-10
Coarse,2.0,0.05,n51,2,0.3536371,3.4748322e-10,3.4748322e-10
Coarse,2.0,0.05,n51,2,0.35401379,3.525168e-10,3.525168e-10
Coarse,2.0,0.05,n51,2,0.35442773,3.5813199e-10,3.5813199e-10
Coarse,2.0,0.05,n51,2,0.3548826,3.6440542e-10,3.6440542e-10
Coarse,2.0,0.05,n51,2,0.35538246,3.7142575e-10,3.7142575e-10
Coarse,2.0,0.05,n51,2,0.35593174,3.7929602e-10,3.7929602e-10
Coarse,2.0,0.05,n51,2,0.35653534,3.8813658e-10,3.8813658e-10
Coarse,2.0,0.05,n51,2,0.35719864,3.9808863e-10,3.9808863e-10
Coarse,2.0,0.05,n51,2,0.35792752,4.0931866e-10,4.0931866e-10
Coarse,2.0,0.05,n51,2,0.35867752,4.2120399e-10,4.2120399e-10
Coarse,2.0,0.05,n51,2,0.35942752,4.3343359e-10,4.3343359e-10
Coarse,2.0,0.05,n51,2,0.36017752,4.4601741e-10,4.4601741e-10
Coarse,2.0,0.05,n51,2,0.36092752,4.5896566e-10,4.5896566e-10
Coarse,2.0,0.05,n51,2,0.36167752,4.7228887e-10,4.7228887e-10
Coarse,2.0,0.05,n51,2,0.36242752,4.8599784e-10,4.8599784e-10
Coarse,2.0,0.05,n51,2,0.36317752,5.0010371e-10,5.0010371e-10
Coarse,2.0,0.05,n51,2,0.36392752,5.1461792e-10,5.1461792e-10
Coarse,2.0,0.05,n51,2,0.36467752,5.2955225e-10,5.2955225e-10
Coarse,2.0,0.05,n51,2,0.36542752,5.4491881e-10,5.4491881e-10
Coarse,2.0,0.05,n51,2,0.36617752,5.6073005e-10,5.6073005e-10
Coarse,2.0,0.05,n51,2,0.36692752,5.7699881e-10,5.7699881e-10
Coarse,2.0,0.05,n51,2,0.36767752,5.9373825e-10,5.9373825e-10
Coarse,2.0,0.05,n51,2,0.36842752,6.1096194e-10,6.1096194e-10
Coarse,2.0,0.05,n51,2,0.36917752,6.2868382e-10,6.2868382e-10
Coarse,2.0,0.05,n51,2,0.36992752,6.4691826e-10,6.4691826e-10
Coarse,2.0,0.05,n51,2,0.37067752,6.6567999e-10,6.6567999e-10
Coarse,2.0,0.05,n51,2,0.37142752,6.8498421e-10,6.8498421e-10
Coarse,2.0,0.05,n51,2,0.37217752,7.0484652e-10,7.0484652e-10
Coarse,2.0,0.05,n51,2,0.37292752,7.2528299e-10,7.2528299e-10
Coarse,2.0,0.05,n51,2,0.37367752,7.4631014e-10,7.4631014e-10
Coarse,2.0,0.05,n51,2,0.37442752,7.6794494e-10,7.6794494e-10
Coarse,2.0,0.05,n51,2,0.37517752,7.9020489e-10,7.9020489e-10
Coarse,2.0,0.05,n51,2,0.37592752,8.1310795e-10,8.1310795e-10
Coarse,2.0,0.05,n51,2,0.37667752,8.3667261e-10,8.3667261e-10
Coarse,2.0,0.05,n51,2,0.37742752,8.6091788e-10,8.6091788e-10
Coarse,2.0,0.05,n51,2,0.37817752,8.8586332e-10,8.8586332e-10
Coarse,2.0,0.05,n51,2,0.37892752,9.1152903e-10,9.1152903e-10
Coarse,2.0,0.05,n51,2,0.37967752,9.379357e-10,9.379357e-10
Coarse,2.0,0.05,n51,2,0.38042752,9.6510461e-10,9.6510461e-10
Coarse,2.0,0.05,n51,2,0.38117752,9.9305763e-10,9.9305763e-10
Coarse,2.0,0.05,n51,2,0.38192752,1.0218173e-09,1.0218173e-09
Coarse,2.0,0.05,n51,2,0.38267752,1.0514067e-09,1.0514067e-09
Coarse,2.0,0.05,n51,2,0.38342752,1.0818496e-09,1.0818496e-09
Coarse,2.0,0.05,n51,2,0.38417752,1.1131706e-09,1.1131706e-09
Coarse,2.0,0.05,n51,2,0.38492752,1.1453947e-09,1.1453947e-09
Coarse,2.0,0.05,n51,2,0.38567752,1.1785479e-09,1.1785479e-09
Coarse,2.0,0.05,n51,2,0.38642752,1.2126568e-09,1.2126568e-09
Coarse,2.0,0.05,n51,2,0.38717752,1.2477488e-09,1.2477488e-09
Coarse,2.0,0.05,n51,2,0.38792752,1.283852e-09,1.283852e-09
Coarse,2.0,0.05,n51,2,0.38867752,1.3209953e-09,1.3209953e-09
Coarse,2.0,0.05,n51,2,0.38942752,1.3592085e-09,1.3592085e-09
Coarse,2.0,0.05,n51,2,0.39017752,1.3985222e-09,1.3985222e-09
Coarse,2.0,0.05,n51,2,0.39092752,1.4389679e-09,1.4389679e-09
Coarse,2.0,0.05,n51,2,0.39167752,1.4805779e-09,1.4805779e-09
Coarse,2.0,0.05,n51,2,0.39242752,1.5233855e-09,1.5233855e-09
Coarse,2.0,0.05,n51,2,0.39317752,1.5674249e-09,1.5674249e-09
Coarse,2.0,0.05,n51,2,0.39392752,1.6127313e-09,1.6127313e-09
Coarse,2.0,0.05,n51,2,0.39467752,1.6593408e-09,1.6593408e-09
Coarse,2.0,0.05,n51,2,0.39542752,1.7072906e-09,1.7072906e-09
Coarse,2.0,0.05,n51,2,0.39617752,1.756619e-09,1.756619e-09
Coarse,2.0,0.05,n51,2,0.39692752,1.8073652e-09,1.8073652e-09
Coarse,2.0,0.05,n51,2,0.39767752,1.8595696e-09,1.8595696e-09
Coarse,2.0,0.05,n51,2,0.39842752,1.9132738e-09,1.9132738e-09
Coarse,2.0,0.05,n51,2,0.39917752,1.9685206e-09,1.9685206e-09
Coarse,2.0,0.05,n51,2,0.39992752,2.0253537e-09,2.0253537e-09
Coarse,2.0,0.05,n51,2,0.40067752,2.0838183e-09,2.0838183e-09
Coarse,2.0,0.05,n51,2,0.40142752,2.1439609e-09,2.1439609e-09
Coarse,2.0,0.05,n51,2,0.40217752,2.2058291e-09,2.2058291e-09
Coarse,2.0,0.05,n51,2,0.40292752,2.2694719e-09,2.2694719e-09
Coarse,2.0,0.05,n51,2,0.40367752,2.3349398e-09,2.3349398e-09
Coarse,2.0,0.05,n51,2,0.40442752,2.4022844e-09,2.4022844e-09
Coarse,2.0,0.05,n51,2,0.40517752,2.4715592e-09,2.4715592e-09
Coarse,2.0,0.05,n51,2,0.40592752,2.5428187e-09,2.5428187e-09
Coarse,2.0,0.05,n51,2,0.40667752,2.6161193e-09,2.6161193e-09
Coarse,2.0,0.05,n51,2,0.40742752,2.6915188e-09,2.6915188e-09
Coarse,2.0,0.05,n51,2,0.40817752,2.7690765e-09,2.7690765e-09
Coarse,2.0,0.05,n51,2,0.40892752,2.8488535e-09,2.8488535e-09
Coarse,2.0,0.05,n51,2,0.40967752,2.9309127e-09,2.9309127e-09
Coarse,2.0,0.05,n51,2,0.41042752,3.0153184e-09,3.0153184e-09
Coarse,2.0,0.05,n51,2,0.41117752,3.1021369e-09,3.1021369e-09
Coarse,2.0,0.05,n51,2,0.41192752,3.1914365e-09,3.1914365e-09
Coarse,2.0,0.05,n51,2,0.41267752,3.2832869e-09,3.2832869e-09
Coarse,2.0,0.05,n51,2,0.41342752,3.3777602e-09,3.3777602e-09
Coarse,2.0,0.05,n51,2,0.41417752,3.4749302e-09,3.4749302e-09
Coarse,2.0,0.05,n51,2,0.41492752,3.5748729e-09,3.5748729e-09
Coarse,2.0,0.05,n51,2,0.41567752,3.6776662e-09,3.6776662e-09
Coarse,2.0,0.05,n51,2,0.41642752,3.7833903e-09,3.7833903e-09
Coarse,2.0,0.05,n51,2,0.41717752,3.8921275e-09,3.8921275e-09
Coarse,2.0,0.05,n51,2,0.41792752,4.0039625e-09,4.0039625e-09
Coarse,2.0,0.05,n51,2,0.41867752,4.118982e-09,4.118982e-09
Coarse,2.0,0.05,n51,2,0.41942752,4.2372754e-09,4.2372754e-09
Coarse,2.0,0.05,n51,2,0.42017752,4.3589343e-09,4.3589343e-09
Coarse,2.0,0.05,n51,2,0.42092752,4.484053e-09,4.484053e-09
Coarse,2.0,0.05,n51,2,0.42167752,4.6127281e-09,4.6127281e-09
Coarse,2.0,0.05,n51,2,0.42242752,4.745059e-09,4.745059e-09
Coarse,2.0,0.05,n51,2,0.42317752,4.8811478e-09,4.8811478e-09
Coarse,2.0,0.05,n51,2,0.42392752,5.0210992e-09,5.0210992e-09
Coarse,2.0,0.05,n51,2,0.42467752,5.165021e-09,5.165021e-09
Coarse,2.0,0.05,n51,2,0.42542752,5.3130234e-09,5.3130234e-09
Coarse,2.0,0.05,n51,2,0.42617752,5.4652202e-09,5.4652202e-09
Coarse,2.0,0.05,n51,2,0.42692752,5.6217278e-09,5.6217278e-09
Coarse,2.0,0.05,n51,2,0.42767752,5.7826658e-09,5.7826658e-09
Coarse,2.0,0.05,n51,2,0.42842752,5.9481571e-09,5.9481571e-09
Coarse,2.0,0.05,n51,2,0.42917752,6.1183278e-09,6.1183278e-09
Coarse,2.0,0.05,n51,2,0.42992752,6.2933073e-09,6.2933073e-09
Coarse,2.0,0.05,n51,2,0.43067752,6.4732285e-09,6.4732285e-09
Coarse,2.0,0.05,n51,2,0.43142752,6.658228e-09,6.658228e-09
Coarse,2.0,0.05,n51,2,0.43217752,6.8484455e-09,6.8484455e-09
Coarse,2.0,0.05,n51,2,0.43292752,7.044025e-09,7.044025e-09
Coarse,2.0,0.05,n51,2,0.43367752,7.2451138e-09,7.2451138e-09
Coarse,2.0,0.05,n51,2,0.43442752,7.4518634e-09,7.4518634e-09
Coarse,2.0,0.05,n51,2,0.43517752,7.664429e-09,7.664429e-09
Coarse,2.0,0.05,n51,2,0.43592752,7.8829699e-09,7.8829699e-09
Coarse,2.0,0.05,n51,2,0.43667752,8.1076498e-09,8.1076498e-09
Coarse,2.0,0.05,n51,2,0.43742752,8.3386364e-09,8.3386364e-09
Coarse,2.0,0.05,n51,2,0.43817752,8.5761016e-09,8.5761016e-09
Coarse,2.0,0.05,n51,2,0.43892752,8.8202222e-09,8.8202222e-09
Coarse,2.0,0.05,n51,2,0.43967752,9.0711792e-09,9.0711792e-09
Coarse,2.0,0.05,n51,2,0.44042752,9.3291582e-09,9.3291582e-09
Coarse,2.0,0.05,n51,2,0.44117752,9.5943498e-09,9.5943498e-09
Coarse,2.0,0.05,n51,2,0.44192752,9.8669493e-09,9.8669493e-09
Coarse,2.0,0.05,n51,2,0.44267752,1.0147157e-08,1.0147157e-08
Coarse,2.0,0.05,n51,2,0.44342752,1.0435178e-08,1.0435178e-08
Coarse,2.0,0.05,n51,2,0.44417752,1.0731223e-08,1.0731223e-08
Coarse,2.0,0.05,n51,2,0.44492752,1.1035509e-08,1.1035509e-08
Coarse,2.0,0.05,n51,2,0.44567752,1.1348255e-08,1.1348255e-08
Coarse,2.0,0.05,n51,2,0.44642752,1.1669689e-08,1.1669689e-08
Coarse,2.0,0.05,n51,2,0.44717752,1.2000044e-08,1.2000044e-08
Coarse,2.0,0.05,n51,2,0.44792752,1.2339557e-08,1.2339557e-08
Coarse,2.0,0.05,n51,2,0.44867752,1.2688473e-08,1.2688473e-08
Coarse,2.0,0.05,n51,2,0.44942752,1.3047041e-08,1.3047041e-08
Coarse,2.0,0.05,n51,2,0.45017752,1.3415518e-08,1.3415518e-08
Coarse,2.0,0.05,n51,2,0.45092752,1.3794166e-08,1.3794166e-08
Coarse,2.0,0.05,n51,2,0.45167752,1.4183254e-08,1.4183254e-08
Coarse,2.0,0.05,n51,2,0.45242752,1.4583056e-08,1.4583056e-08
Coarse,2.0,0.05,n51,2,0.45317752,1.4993856e-08,1.4993856e-08
Coarse,2.0,0.05,n51,2,0.45392752,1.5415941e-08,1.5415941e-08
Coarse,2.0,0.05,n51,2,0.45467752,1.5849606e-08,1.5849606e-08
Coarse,2.0,0.05,n51,2,0.45542752,1.6295155e-08,1.6295155e-08
Coarse,2.0,0.05,n51,2,0.45617752,1.6752896e-08,1.6752896e-08
Coarse,2.0,0.05,n51,2,0.45692752,1.7223146e-08,1.7223146e-08
Coarse,2.0,0.05,n51,2,0.45767752,1.770623e-08,1.770623e-08
Coarse,2.0,0.05,n51,2,0.45842752,1.8202478e-08,1.8202478e-08
Coarse,2.0,0.05,n51,2,0.45917752,1.8712231e-08,1.8712231e-08
Coarse,2.0,0.05,n51,2,0.45992752,1.9235834e-08,1.9235834e-08
Coarse,2.0,0.05,n51,2,0.46067752,1.9773643e-08,1.9773643e-08
Coarse,2.0,0.05,n51,2,0.46142752,2.032602e-08,2.032602e-08
Coarse,2.0,0.05,n51,2,0.46217752,2.0893337e-08,2.0893337e-08
Coarse,2.0,0.05,n51,2,0.46292752,2.1475971e-08,2.1475971e-08
Coarse,2.0,0.05,n51,2,0.46367752,2.2074312e-08,2.2074312e-08
Coarse,2.0,0.05,n51,2,0.46442752,2.2688754e-08,2.2688754e-08
Coarse,2.0,0.05,n51,2,0.46517752,2.3319702e-08,2.3319702e-08
Coarse,2.0,0.05,n51,2,0.46592752,2.3967569e-08,2.3967569e-08
Coarse,2.0,0.05,n51,2,0.46667752,2.4632777e-08,2.4632777e-08
Coarse,2.0,0.05,n51,2,0.46742752,2.5315758e-08,2.5315758e-08
Coarse,2.0,0.05,n51,2,0.46817752,2.601695e-08,2.601695e-08
Coarse,2.0,0.05,n51,2,0.46892752,2.6736804e-08,2.6736804e-08
Coarse,2.0,0.05,n51,2,0.46967752,2.7475776e-08,2.7475776e-08
Coarse,2.0,0.05,n51,2,0.47042752,2.8234336e-08,2.8234336e-08
Coarse,2.0,0.05,n51,2,0.47117752,2.9012961e-08,2.9012961e-08
Coarse,2.0,0.05,n51,2,0.47192752,2.9812135e-08,2.9812135e-08
Coarse,2.0,0.05,n51,2,0.47267752,3.0632357e-08,3.0632357e-08
Coarse,2.0,0.05,n51,2,0.47342752,3.1474132e-08,3.1474132e-08
Coarse,2.0,0.05,n51,2,0.47417752,3.2337975e-08,3.2337975e-08
Coarse,2.0,0.05,n51,2,0.47492752,3.3224413e-08,3.3224413e-08
Coarse,2.0,0.05,n51,2,0.47567752,3.4133979e-08,3.4133979e-08
Coarse,2.0,0.05,n51,2,0.47642752,3.5067221e-08,3.5067221e-08
Coarse,2.0,0.05,n51,2,0.47717752,3.6024692e-08,3.6024692e-08
Coarse,2.0,0.05,n51,2,0.47792752,3.7006959e-08,3.7006959e-08
Coarse,2.0,0.05,n51,2,0.47867752,3.8014598e-08,3.8014598e-08
Coarse,2.0,0.05,n51,2,0.47942752,3.9048192e-08,3.9048192e-08
Coarse,2.0,0.05,n51,2,0.48017752,4.0108339e-08,4.0108339e-08
Coarse,2.0,0.05,n51,2,0.48092752,4.1195644e-08,4.1195644e-08
Coarse,2.0,0.05,n51,2,0.48167752,4.2310723e-08,4.2310723e-08
Coarse,2.0,0.05,n51,2,0.48242752,4.3454203e-08,4.3454203e-08
Coarse,2.0,0.05,n51,2,0.48317752,4.4626718e-08,4.4626718e-08
Coarse,2.0,0.05,n51,2,0.48392752,4.5828917e-08,4.5828917e-08
Coarse,2.0,0.05,n51,2,0.48467752,4.7061455e-08,4.7061455e-08
Coarse,2.0,0.05,n51,2,0.48542752,4.8324999e-08,4.8324999e-08
Coarse,2.0,0.05,n51,2,0.48617752,4.9620224e-08,4.9620224e-08
Coarse,2.0,0.05,n51,2,0.48692752,5.0947817e-08,5.0947817e-08
Coarse,2.0,0.05,n51,2,0.48767752,5.2308475e-08,5.2308475e-08
Coarse,2.0,0.05,n51,2,0.48842752,5.3702902e-08,5.3702902e-08
Coarse,2.0,0.05,n51,2,0.48917752,5.5131814e-08,5.5131814e-08
Coarse,2.0,0.05,n51,2,0.48992752,5.6595935e-08,5.6595935e-08
Coarse,2.0,0.05,n51,2,0.49067752,5.8096e-08,5.8096e-08
Coarse,2.0,0.05,n51,2,0.49142752,5.9632751e-08,5.9632751e-08
Coarse,2.0,0.05,n51,2,0.49217752,6.120694e-08,6.120694e-08
Coarse,2.0,0.05,n51,2,0.49292752,6.2819329e-08,6.2819329e-08
Coarse,2.0,0.05,n51,2,0.49367752,6.4470686e-08,6.4470686e-08
Coarse,2.0,0.05,n51,2,0.49442752,6.6161788e-08,6.6161788e-08
Coarse,2.0,0.05,n51,2,0.49517752,6.7893423e-08,6.7893423e-08
Coarse,2.0,0.05,n51,2,0.49592752,6.9666382e-08,6.9666382e-08
Coarse,2.0,0.05,n51,2,0.49667752,7.1481468e-08,7.1481468e-08
Coarse,2.0,0.05,n51,2,0.49742752,7.333949e-08,7.333949e-08
Coarse,2.0,0.05,n51,2,0.49817752,7.5241261e-08,7.5241261e-08
Coarse,2.0,0.05,n51,2,0.49892752,7.7187605e-08,7.7187605e-08
Coarse,2.0,0.05,n51,2,0.49967752,7.917935e-08,7.917935e-08
Coarse,2.0,0.05,n51,2,0.5,8.0049901e-08,8.0049901e-08
Coarse,2.0,0.05,n51,3,0.5005,8.1416751e-08,8.1416751e-08
Coarse,2.0,0.05,n51,3,0.50109852,8.3080501e-08,8.3080501e-08
Coarse,2.0,0.05,n51,3,0.50181497,8.5112164e-08,8.5112164e-08
Coarse,2.0,0.05,n51,3,0.50267258,8.7602572e-08,8.7602572e-08
Coarse,2.0,0.05,n51,3,0.50369918,9.0669108e-08,9.0669108e-08
Coarse,2.0,0.05,n51,3,0.50492806,9.4465198e-08,9.4465198e-08
Coarse,2.0,0.05,n51,3,0.50639907,9.9193898e-08,9.9193898e-08
Coarse,2.0,0.05,n51,3,0.50815992,1.051276e-07,1.051276e-07
Coarse,2.0,0.05,n51,3,0.51026773,1.1263699e-07,1.1263699e-07
Coarse,2.0,0.05,n51,3,0.51279085,1.2223416e-07,1.2223416e-07
Coarse,2.0,0.05,n51,3,0.51581112,1.3463738e-07,1.3463738e-07
Coarse,2.0,0.05,n51,3,0.51942649,1.5086895e-07,1.5086895e-07
Coarse,2.0,0.05,n51,3,0.52374888,1.7237489e-07,1.7237489e-07
Coarse,2.0,0.05,n51,3,0.52874888,2.0028352e-07,2.0028352e-07
Coarse,2.0,0.05,n51,3,0.53374888,2.3162722e-07,2.3162722e-07
Coarse,2.0,0.05,n51,3,0.53874888,2.6655704e-07,2.6655704e-07
Coarse,2.0,0.05,n51,3,0.54374888,3.05171e-07,3.05171e-07
Coarse,2.0,0.05,n51,3,0.54874888,3.475046e-07,3.475046e-07
Coarse,2.0,0.05,n51,3,0.55374888,3.9352336e-07,3.9352336e-07
Coarse,2.0,0.05,n51,3,0.55874888,4.4311785e-07,4.4311785e-07
Coarse,2.0,0.05,n51,3,0.56374888,4.9610209e-07,4.9610209e-07
Coarse,2.0,0.05,n51,3,0.56874888,5.5221556e-07,5.5221556e-07
Coarse,2.0,0.05,n51,3,0.57374888,6.1112909e-07,6.1112909e-07
Coarse,2.0,0.05,n51,3,0.57874888,6.724544e-07,6.724544e-07
Coarse,2.0,0.05,n51,3,0.58374888,7.3575693e-07,7.3575693e-07
Coarse,2.0,0.05,n51,3,0.58874888,8.0057106e-07,8.0057106e-07
Coarse,2.0,0.05,n51,3,0.59374888,8.6641668e-07,8.6641668e-07
Coarse,2.0,0.05,n51,3,0.59874888,9.3281585e-07,9.3281585e-07
Coarse,2.0,0.05,n51,3,0.60374888,9.993084e-07,9.993084e-07
Coarse,2.0,0.05,n51,3,0.60874888,1.0654654e-06,1.0654654e-06
Coarse,2.0,0.05,n51,3,0.61374888,1.1308996e-06,1.1308996e-06
Coarse,2.0,0.05,n51,3,0.61874888,1.1952729e-06,1.1952729e-06
Coarse,2.0,0.05,n51,3,0.62374888,1.2583001e-06,1.2583001e-06
Coarse,2.0,0.05,n51,3,0.62874888,1.3197494e-06,1.3197494e-06
Coarse,2.0,0.05,n51,3,0.63374888,1.3794414e-06,1.3794414e-06
Coarse,2.0,0.05,n51,3,0.63874888,1.4372449e-06,1.4372449e-06
Coarse,2.0,0.05,n51,3,0.64374888,1.4930721e-06,1.4930721e-06
Coarse,2.0,0.05,n51,3,0.64874888,1.5468727e-06,1.5468727e-06
Coarse,2.0,0.05,n51,3,0.65374888,1.5986284e-06,1.5986284e-06
Coarse,2.0,0.05,n51,3,0.65874888,1.6483473e-06,1.6483473e-06
Coarse,2.0,0.05,n51,3,0.66374888,1.6960579e-06,1.6960579e-06
Coarse,2.0,0.05,n51,3,0.66874888,1.7418051e-06,1.7418051e-06
Coarse,2.0,0.05,n51,3,0.67374888,1.7856458e-06,1.7856458e-06
Coarse,2.0,0.05,n51,3,0.67874888,1.8276453e-06,1.8276453e-06
Coarse,2.0,0.05,n51,3,0.68374888,1.8678749e-06,1.8678749e-06
Coarse,2.0,0.05,n51,3,0.68874888,1.906409e-06,1.906409e-06
Coarse,2.0,0.05,n51,3,0.69374888,1.9433237e-06,1.9433237e-06
Coarse,2.0,0.05,n51,3,0.69874888,1.9786953e-06,1.9786953e-06
Coarse,2.0,0.05,n51,3,0.70374888,2.012599e-06,2.012599e-06
Coarse,2.0,0.05,n51,3,0.70874888,2.0451086e-06,2.0451086e-06
Coarse,2.0,0.05,n51,3,0.71374888,2.0762953e-06,2.0762953e-06
Coarse,2.0,0.05,n51,3,0.71874888,2.1062276e-06,2.1062276e-06
Coarse,2.0,0.05,n51,3,0.72374888,2.1349712e-06,2.1349712e-06
Coarse,2.0,0.05,n51,3,0.72874888,2.1625888e-06,2.1625888e-06
Coarse,2.0,0.05,n51,3,0.73374888,2.1891393e-06,2.1891393e-06
Coarse,2.0,0.05,n51,3,0.73874888,2.2146799e-06,2.2146799e-06
Coarse,2.0,0.05,n51,3,0.74374888,2.2392634e-06,2.2392634e-06
Coarse,2.0,0.05,n51,3,0.74874888,2.26294e-06,2.26294e-06
Coarse,2.0,0.05,n51,3,0.75374888,2.2857572e-06,2.2857572e-06
Coarse,2.0,0.05,n51,3,0.75874888,2.3077594e-06,2.3077594e-06
Coarse,2.0,0.05,n51,3,0.76374888,2.3289887e-06,2.3289887e-06
Coarse,2.0,0.05,n51,3,0.76874888,2.3494845e-06,2.3494845e-06
Coarse,2.0,0.05,n51,3,0.77374888,2.369284e-06,2.369284e-06
Coarse,2.0,0.05,n51,3,0.77874888,2.3884221e-06,2.3884221e-06
Coarse,2.0,0.05,n51,3,0.78374888,2.4069315e-06,2.4069315e-06
Coarse,2.0,0.05,n51,3,0.78874888,2.4248432e-06,2.4248432e-06
Coarse,2.0,0.05,n51,3,0.79374888,2.4421861e-06,2.4421861e-06
Coarse,2.0,0.05,n51,3,0.79874888,2.4589875e-06,2.4589875e-06
Coarse,2.0,0.05,n51,3,0.80374888,2.4752731e-06,2.4752731e-06
Coarse,2.0,0.05,n51,3,0.80874888,2.4910671e-06,2.4910671e-06
Coarse,2.0,0.05,n51,3,0.81374888,2.5063922e-06,2.5063922e-06
Coarse,2.0,0.05,n51,3,0.81874888,2.52127e-06,2.52127e-06
Coarse,2.0,0.05,n51,3,0.82374888,2.5357206e-06,2.5357206e-06
Coarse,2.0,0.05,n51,3,0.82874888,2.549763e-06,2.549763e-06
Coarse,2.0,0.05,n51,3,0.83374888,2.5634153e-06,2.5634153e-06
Coarse,2.0,0.05,n51,3,0.83874888,2.5766944e-06,2.5766944e-06
Coarse,2.0,0.05,n51,3,0.84374888,2.5896164e-06,2.5896164e-06
Coarse,2.0,0.05,n51,3,0.84874888,2.6021965e-06,2.6021965e-06
Coarse,2.0,0.05,n51,3,0.85374888,2.6144489e-06,2.6144489e-06
Coarse,2.0,0.05,n51,3,0.85874888,2.6263873e-06,2.6263873e-06
Coarse,2.0,0.05,n51,3,0.86374888,2.6380245e-06,2.6380245e-06
Coarse,2.0,0.05,n51,3,0.86874888,2.6493725e-06,2.6493725e-06
Coarse,2.0,0.05,n51,3,0.87374888,2.6604431e-06,2.6604431e-06
Coarse,2.0,0.05,n51,3,0.87874888,2.671247e-06,2.671247e-06
Coarse,2.0,0.05,n51,3,0.88374888,2.6817946e-06,2.6817946e-06
Coarse,2.0,0.05,n51,3,0.88874888,2.6920959e-06,2.6920959e-06
Coarse,2.0,0.05,n51,3,0.89374888,2.7021601e-06,2.7021601e-06
Coarse,2.0,0.05,n51,3,0.89874888,2.7119961e-06,2.7119961e-06
Coarse,2.0,0.05,n51,3,0.90374888,2.7216125e-06,2.7216125e-06
Coarse,2.0,0.05,n51,3,0.90874888,2.7310171e-06,2.7310171e-06
Coarse,2.0,0.05,n51,3,0.91374888,2.7402176e-06,2.7402176e-06
Coarse,2.0,0.05,n51,3,0.91874888,2.7492215e-06,2.7492215e-06
Coarse,2.0,0.05,n51,3,0.92374888,2.7580355e-06,2.7580355e-06
Coarse,2.0,0.05,n51,3,0.92874888,2.7666663e-06,2.7666663e-06
Coarse,2.0,0.05,n51,3,0.93374888,2.7751202e-06,2.7751202e-06
Coarse,2.0,0.05,n51,3,0.93874888,2.7834033e-06,2.7834033e-06
Coarse,2.0,0.05,n51,3,0.94374888,2.7915212e-06,2.7915212e-06
Coarse,2.0,0.05,n51,3,0.94874888,2.7994796e-06,2.7994796e-06
Coarse,2.0,0.05,n51,3,0.95374888,2.8072836e-06,2.8072836e-06
Coarse,2.0,0.05,n51,3,0.95874888,2.8149382e-06,2.8149382e-06
Coarse,2.0,0.05,n51,3,0.96374888,2.8224483e-06,2.8224483e-06
Coarse,2.0,0.05,n51,3,0.96874888,2.8298184e-06,2.8298184e-06
Coarse,2.0,0.05,n51,3,0.97374888,2.8370529e-06,2.8370529e-06
Coarse,2.0,0.05,n51,3,0.97874888,2.8441562e-06,2.8441562e-06
Coarse,2.0,0.05,n51,3,0.98374888,2.8511321e-06,2.8511321e-06
Coarse,2.0,0.05,n51,3,0.98874888,2.8579846e-06,2.8579846e-06
Coarse,2.0,0.05,n51,3,0.99374888,2.8647173e-06,2.8647173e-06
Coarse,2.0,0.05,n51,3,0.99874888,2.8713339e-06,2.8713339e-06
Coarse,2.0,0.05,n51,3,1,2.8729711e-06,2.8729711e-06
Medium,1.0,0.05,n47,1,0.00035,4.44558e-16,4.44558e-16
Medium,1.0,0.05,n47,1,0.00076948148,4.5179242e-16,4.5179242e-16
Medium,1.0,0.05,n47,1,0.0012722378,4.6061558e-16,4.6061558e-16
Medium,1.0,0.05,n47,1,0.0018748006,4.7141208e-16,4.7141208e-16
Medium,1.0,0.05,n47,1,0.0025969832,4.8467475e-16,4.8467475e-16
Medium,1.0,0.05,n47,1,0.0034625325,5.0115379e-16,5.0115379e-16
Medium,1.0,0.05,n47,1,0.004498627,5.215472e-16,5.215472e-16
Medium,1.0,0.05,n47,1,0.0057388705,5.4705278e-16,5.4705278e-16
Medium,1.0,0.05,n47,1,0.0072234879,5.7922895e-16,5.7922895e-16
Medium,1.0,0.05,n47,1,0.0090006299,6.2024256e-16,6.2024256e-16
Medium,1.0,0.05,n47,1,0.011127935,6.7317277e-16,6.7317277e-16
Medium,1.0,0.05,n47,1,0.013674397,7.4250311e-16,7.4250311e-16
Medium,1.0,0.05,n47,1,0.016722608,8.3494294e-16,8.3494294e-16
Medium,1.0,0.05,n47,1,0.020371428,9.6084463e-16,9.6084463e-16
Medium,1.0,0.05,n47,1,0.024739201,1.1367386e-15,1.1367386e-15
Medium,1.0,0.05,n47,1,0.029967588,1.3900467e-15,1.3900467e-15
Medium,1.0,0.05,n47,1,0.03622616,1.7681846e-15,1.7681846e-15
Medium,1.0,0.05,n47,1,0.04322616,2.313812e-15,2.313812e-15
Medium,1.0,0.05,n47,1,0.05022616,3.0292822e-15,3.0292822e-15
Medium,1.0,0.05,n47,1,0.05722616,3.9659103e-15,3.9659103e-15
Medium,1.0,0.05,n47,1,0.06422616,5.1920322e-15,5.1920322e-15
Medium,1.0,0.05,n47,1,0.07122616,6.7970906e-15,6.7970906e-15
Medium,1.0,0.05,n47,1,0.07822616,8.8981509e-15,8.8981509e-15
Medium,1.0,0.05,n47,1,0.08522616,1.1648429e-14,1.1648429e-14
Medium,1.0,0.05,n47,1,0.09222616,1.5248446e-14,1.5248446e-14
Medium,1.0,0.05,n47,1,0.09922616,1.9960634e-14,1.9960634e-14
Medium,1.0,0.05,n47,1,0.10622616,2.6128432e-14,2.6128432e-14
Medium,1.0,0.05,n47,1,0.11322616,3.4201283e-14,3.4201283e-14
Medium,1.0,0.05,n47,1,0.12022616,4.4767338e-14,4.4767338e-14
Medium,1.0,0.05,n47,1,0.12722616,5.8596228e-14,5.8596228e-14
Medium,1.0,0.05,n47,1,0.13422616,7.6695046e-14,7.6695046e-14
Medium,1.0,0.05,n47,1,0.14122616,1.0041667e-13,1.0041667e-13
Medium,1.0,0.05,n47,1,0.14822616,1.3142297e-13,1.3142297e-13
Medium,1.0,0.05,n47,1,0.15522616,1.7199878e-13,1.7199878e-13
Medium,1.0,0.05,n47,1,0.16222616,2.2509596e-13,2.2509596e-13
Medium,1.0,0.05,n47,1,0.16922616,2.9457144e-13,2.9457144e-13
Medium,1.0,0.05,n47,1,0.17622616,3.8548692e-13,3.8548692e-13
Medium,1.0,0.05,n47,1,0.18322616,5.0445234e-13,5.0445234e-13
Medium,1.0,0.05,n47,1,0.19022616,6.6010201e-13,6.6010201e-13
Medium,1.0,0.05,n47,1,0.19722616,8.6370837e-13,8.6370837e-13
Medium,1.0,0.05,n47,1,0.20422616,1.1301857e-12,1.1301857e-12
Medium,1.0,0.05,n47,1,0.21122616,1.4787555e-12,1.4787555e-12
Medium,1.0,0.05,n47,1,0.21822616,1.9347597e-12,1.9347597e-12
Medium,1.0,0.05,n47,1,0.22522616,2.5312837e-12,2.5312837e-12
Medium,1.0,0.05,n47,1,0.23222616,3.3115936e-12,3.3115936e-12
Medium,1.0,0.05,n47,1,0.23922616,4.3322632e-12,4.3322632e-12
Medium,1.0,0.05,n47,1,0.24622616,5.6672618e-12,5.6672618e-12
Medium,1.0,0.05,n47,1,0.25322616,7.4132962e-12,7.4132962e-12
Medium,1.0,0.05,n47,1,0.26022616,9.6967897e-12,9.6967897e-12
Medium,1.0,0.05,n47,1,0.26722616,1.2682998e-11,1.2682998e-11
Medium,1.0,0.05,n47,1,0.27422616,1.6587899e-11,1.6587899e-11
Medium,1.0,0.05,n47,1,0.28122616,2.1693836e-11,2.1693836e-11
Medium,1.0,0.05,n47,1,0.28822616,2.8369633e-11,2.8369633e-11
Medium,1.0,0.05,n47,1,0.29522616,3.7097286e-11,3.7097286e-11
Medium,1.0,0.05,n47,1,0.30222616,4.8506456e-11,4.8506456e-11
Medium,1.0,0.05,n47,1,0.30922616,6.3419619e-11,6.3419619e-11
Medium,1.0,0.05,n47,1,0.31622616,8.291092e-11,8.291092e-11
Medium,1.0,0.05,n47,1,0.32322616,1.0838294e-10,1.0838294e-10
Medium,1.0,0.05,n47,1,0.33022616,1.4166657e-10,1.4166657e-10
Medium,1.0,0.05,n47,1,0.33722616,1.8515156e-10,1.8515156e-10
Medium,1.0,0.05,n47,1,0.34422616,2.4195581e-10,2.4195581e-10
Medium,1.0,0.05,n47,1,0.35,3.0167992e-10,3.0167992e-10
Medium,1.0,0.05,n47,2,0.350015,3.0185283e-10,3.0185283e-10
Medium,1.0,0.05,n47,2,0.35003149,3.0204306e-10,3.0204306e-10
Medium,1.0,0.05,n47,2,0.35004962,3.0225234e-10,3.0225234e-10
Medium,1.0,0.05,n47,2,0.35006956,3.024826e-10,3.024826e-10
Medium,1.0,0.05,n47,2,0.35009148,3.0273594e-10,3.0273594e-10
Medium,1.0,0.05,n47,2,0.35011557,3.0301466e-10,3.0301466e-10
Medium,1.0,0.05,n47,2,0.35014206,3.0332179e-10,3.0332179e-10
Medium,1.0,0.05,n47,2,0.35017118,3.036581e-10,3.036581e-10
Medium,1.0,0.05,n47,2,0.35020317,3.0420653e-10,3.0420653e-10
Medium,1.0,0.05,n47,2,0.35023833,3.0443894e-10,3.0443894e-10
Medium,1.0,0.05,n47,2,0.35027696,3.0488858e-10,3.0488858e-10
Medium,1.0,0.05,n47,2,0.35031926,3.0538165e-10,3.0538165e-10
Medium,1.0,0.05,n47,2,0.35036577,3.0592468e-10,3.0592468e-10
Medium,1.0,0.05,n47,2,0.3504169,3.0652282e-10,3.0652282e-10
Medium,1.0,0.05,n47,2,0.35047312,3.0718179e-10,3.0718179e-10
Medium,1.0,0.05,n47,2,0.35053493,3.0790792e-10,3.0790792e-10
Medium,1.0,0.05,n47,2,0.35060288,3.0870824e-10,3.0870824e-10
Medium,1.0,0.05,n47,2,0.3506776,3.0959054e-10,3.0959054e-10
Medium,1.0,0.05,n47,2,0.35075974,3.1056349e-10,3.1056349e-10
Medium,1.0,0.05,n47,2,0.35085005,3.1163671e-10,3.1163671e-10
Medium,1.0,0.05,n47,2,0.35094935,3.1282093e-10,3.1282093e-10
Medium,1.0,0.05,n47,2,0.35105851,3.141281e-10,3.141281e-10
Medium,1.0,0.05,n47,2,0.35117854,3.1557155e-10,3.1557155e-10
Medium,1.0,0.05,n47,2,0.3513105,3.1716618e-10,3.1716618e-10
Medium,1.0,0.05,n47,2,0.35145558,3.1892867e-10,3.1892867e-10
Medium,1.0,0.05,n47,2,0.35161509,3.2087772e-10,3.2087772e-10
Medium,1.0,0.05,n47,2,0.35179046,3.230343e-10,3.230343e-10
Medium,1.0,0.05,n47,2,0.35198327,3.2542205e-10,3.2542205e-10
Medium,1.0,0.05,n47,2,0.35219526,3.2806757e-10,3.2806757e-10
Medium,1.0,0.05,n47,2,0.35242832,3.3100095e-10,3.3100095e-10
Medium,1.0,0.05,n47,2,0.35268457,3.3425625e-10,3.3425625e-10
Medium,1.0,0.05,n47,2,0.35296629,3.3787215e-10,3.3787215e-10
Medium,1.0,0.05,n47,2,0.35327603,3.418927e-10,3.418927e-10
Medium,1.0,0.05,n47,2,0.35361658,3.4636817e-10,3.4636817e-10
Medium,1.0,0.05,n47,2,0.35399099,3.513562e-10,3.513562e-10
Medium,1.0,0.05,n47,2,0.35440263,3.569232e-10,3.569232e-10
Medium,1.0,0.05,n47,2,0.35485498,3.6314212e-10,3.6314212e-10
Medium,1.0,0.05,n47,2,0.35535206,3.7010077e-10,3.7010077e-10
Medium,1.0,0.05,n47,2,0.35589829,3.7790108e-10,3.7790108e-10
Medium,1.0,0.05,n47,2,0.35649855,3.8666205e-10,3.8666205e-10
Medium,1.0,0.05,n47,2,0.35715816,3.9652325e-10,3.9652325e-10
Medium,1.0,0.05,n47,2,0.357883,4.0764922e-10,4.0764922e-10
Medium,1.0,0.05,n47,2,0.358633,4.1948934e-10,4.1948934e-10
Medium,1.0,0.05,n47,2,0.359383,4.3167253e-10,4.3167253e-10
Medium,1.0,0.05,n47,2,0.360133,4.4420871e-10,4.4420871e-10
Medium,1.0,0.05,n47,2,0.360883,4.5710806e-10,4.5710806e-10
Medium,1.0,0.05,n47,2,0.361633,4.7038107e-10,4.7038107e-10
Medium,1.0,0.05,n47,2,0.362383,4.8403851e-10,4.8403851e-10
Medium,1.0,0.05,n47,2,0.363133,4.9809149e-10,4.9809149e-10
Medium,1.0,0.05,n47,2,0.363883,5.1255141e-10,5.1255141e-10
Medium,1.0,0.05,n47,2,0.364633,5.2743001e-10,5.2743001e-10
Medium,1.0,0.05,n47,2,0.365383,5.4273937e-10,5.4273937e-10
Medium,1.0,0.05,n47,2,0.366133,5.5849191e-10,5.5849191e-10
Medium,1.0,0.05,n47,2,0.366883,5.747004e-10,5.747004e-10
Medium,1.0,0.05,n47,2,0.367633,5.91378e-10,5.91378e-10
Medium,1.0,0.05,n47,2,0.368383,6.0853821e-10,6.0853821e-10
Medium,1.0,0.05,n47,2,0.369133,6.2619495e-10,6.2619495e-10
Medium,1.0,0.05,n47,2,0.369883,6.4436252e-10,6.4436252e-10
Medium,1.0,0.05,n47,2,0.370633,6.6305563e-10,6.6305563e-10
Medium,1.0,0.05,n47,2,0.371383,6.8228942e-10,6.8228942e-10
Medium,1.0,0.05,n47,2,0.372133,7.0207946e-10,7.0207946e-10
Medium,1.0,0.05,n47,2,0.372883,7.2244176e-10,7.2244176e-10
Medium,1.0,0.05,n47,2,0.373633,7.4339279e-10,7.4339279e-10
Medium,1.0,0.05,n47,2,0.374383,7.649495e-10,7.649495e-10
Medium,1.0,0.05,n47,2,0.375133,7.8712929e-10,7.8712929e-10
Medium,1.0,0.05,n47,2,0.375883,8.099501e-10,8.099501e-10
Medium,1.0,0.05,n47,2,0.376633,8.3343036e-10,8.3343036e-10
Medium,1.0,0.05,n47,2,0.377383,8.5758902e-10,8.5758902e-10
Medium,1.0,0.05,n47,2,0.378133,8.8244559e-10,8.8244559e-10
Medium,1.0,0.05,n47,2,0.378883,9.0802012e-10,9.0802012e-10
Medium,1.0,0.05,n47,2,0.379633,9.3433324e-10,9.3433324e-10
Medium,1.0,0.05,n47,2,0.380383,9.6140615e-10,9.6140615e-10
Medium,1.0,0.05,n47,2,0.381133,9.8926068e-10,9.8926068e-10
Medium,1.0,0.05,n47,2,0.381883,1.0179193e-09,1.0179193e-09
Medium,1.0,0.05,n47,2,0.382633,1.047405e-09,1.047405e-09
Medium,1.0,0.05,n47,2,0.383383,1.0777415e-09,1.0777415e-09
Medium,1.0,0.05,n47,2,0.384133,1.1089534e-09,1.1089534e-09
Medium,1.0,0.05,n47,2,0.384883,1.1410655e-09,1.1410655e-09
Medium,1.0,0.05,n47,2,0.385633,1.1741039e-09,1.1741039e-09
Medium,1.0,0.05,n47,2,0.386383,1.208095e-09,1.208095e-09
Medium,1.0,0.05,n47,2,0.387133,1.243066e-09,1.243066e-09
Medium,1.0,0.05,n47,2,0.387883,1.2790452e-09,1.2790452e-09
Medium,1.0,0.05,n47,2,0.388633,1.3160613e-09,1.3160613e-09
Medium,1.0,0.05,n47,2,0.389383,1.354144e-09,1.354144e-09
Medium,1.0,0.05,n47,2,0.390133,1.3933239e-09,1.3933239e-09
Medium,1.0,0.05,n47,2,0.390883,1.4336322e-09,1.4336322e-09
Medium,1.0,0.05,n47,2,0.391633,1.4751014e-09,1.4751014e-09
Medium,1.0,0.05,n47,2,0.392383,1.5177645e-09,1.5177645e-09
Medium,1.0,0.05,n47,2,0.393133,1.5616558e-09,1.5616558e-09
Medium,1.0,0.05,n47,2,0.393883,1.6068102e-09,1.6068102e-09
Medium,1.0,0.05,n47,2,0.394633,1.6532638e-09,1.6532638e-09
Medium,1.0,0.05,n47,2,0.395383,1.7010537e-09,1.7010537e-09
Medium,1.0,0.05,n47,2,0.396133,1.7502181e-09,1.7502181e-09
Medium,1.0,0.05,n47,2,0.396883,1.8007962e-09,1.8007962e-09
Medium,1.0,0.05,n47,2,0.397633,1.8528282e-09,1.8528282e-09
Medium,1.0,0.05,n47,2,0.398383,1.9063555e-09,1.9063555e-09
Medium,1.0,0.05,n47,2,0.399133,1.9614209e-09,1.9614209e-09
Medium,1.0,0.05,n47,2,0.399883,2.018068e-09,2.018068e-09
Medium,1.0,0.05,n47,2,0.400633,2.0763419e-09,2.0763419e-09
Medium,1.0,0.05,n47,2,0.401383,2.1362888e-09,2.1362888e-09
Medium,1.0,0.05,n47,2,0.402133,2.1979564e-09,2.1979564e-09
Medium,1.0,0.05,n47,2,0.402883,2.2613936e-09,2.2613936e-09
Medium,1.0,0.05,n47,2,0.403633,2.3266505e-09,2.3266505e-09
Medium,1.0,0.05,n47,2,0.404383,2.3937789e-09,2.3937789e-09
Medium,1.0,0.05,n47,2,0.405133,2.462832e-09,2.462832e-09
Medium,1.0,0.05,n47,2,0.405883,2.5338642e-09,2.5338642e-09
Medium,1.0,0.05,n47,2,0.406633,2.6069317e-09,2.6069317e-09
Medium,1.0,0.05,n47,2,0.407383,2.6820921e-09,2.6820921e-09
Medium,1.0,0.05,n47,2,0.408133,2.7594048e-09,2.7594048e-09
Medium,1.0,0.05,n47,2,0.408883,2.8389306e-09,2.8389306e-09
Medium,1.0,0.05,n47,2,0.409633,2.9207322e-09,2.9207322e-09
Medium,1.0,0.05,n47,2,0.410383,3.0048739e-09,3.0048739e-09
Medium,1.0,0.05,n47,2,0.411133,3.0914218e-09,3.0914218e-09
Medium,1.0,0.05,n47,2,0.411883,3.1804439e-09,3.1804439e-09
Medium,1.0,0.05,n47,2,0.412633,3.2720099e-09,3.2720099e-09
Medium,1.0,0.05,n47,2,0.413383,3.3661916e-09,3.3661916e-09
Medium,1.0,0.05,n47,2,0.414133,3.4630627e-09,3.4630627e-09
Medium,1.0,0.05,n47,2,0.414883,3.5626991e-09,3.5626991e-09
Medium,1.0,0.05,n47,2,0.415633,3.6651784e-09,3.6651784e-09
Medium,1.0,0.05,n47,2,0.416383,3.7705806e-09,3.7705806e-09
Medium,1.0,0.05,n47,2,0.417133,3.8789879e-09,3.8789879e-09
Medium,1.0,0.05,n47,2,0.417883,3.9904848e-09,3.9904848e-09
Medium,1.0,0.05,n47,2,0.418633,4.1051577e-09,4.1051577e-09
Medium,1.0,0.05,n47,2,0.419383,4.223096e-09,4.223096e-09
Medium,1.0,0.05,n47,2,0.420133,4.3443909e-09,4.3443909e-09
Medium,1.0,0.05,n47,2,0.420883,4.4691365e-09,4.4691365e-09
Medium,1.0,0.05,n47,2,0.421633,4.5974294e-09,4.5974294e-09
Medium,1.0,0.05,n47,2,0.422383,4.7293686e-09,4.7293686e-09
Medium,1.0,0.05,n47,2,0.423133,4.8650559e-09,4.8650559e-09
Medium,1.0,0.05,n47,2,0.423883,5.004596e-09,5.004596e-09
Medium,1.0,0.05,n47,2,0.424633,5.1480962e-09,5.1480962e-09
Medium,1.0,0.05,n47,2,0.425383,5.2956668e-09,5.2956668e-09
Medium,1.0,0.05,n47,2,0.426133,5.447421e-09,5.447421e-09
Medium,1.0,0.05,n47,2,0.426883,5.6034751e-09,5.6034751e-09
Medium,1.0,0.05,n47,2,0.427633,5.7639486e-09,5.7639486e-09
Medium,1.0,0.05,n47,2,0.428383,5.9289639e-09,5.9289639e-09
Medium,1.0,0.05,n47,2,0.429133,6.0986469e-09,6.0986469e-09
Medium,1.0,0.05,n47,2,0.429883,6.2731268e-09,6.2731268e-09
Medium,1.0,0.05,n47,2,0.430633,6.4525363e-09,6.4525363e-09
Medium,1.0,0.05,n47,2,0.431383,6.6370114e-09,6.6370114e-09
Medium,1.0,0.05,n47,2,0.432133,6.8266919e-09,6.8266919e-09
Medium,1.0,0.05,n47,2,0.432883,7.0217212e-09,7.0217212e-09
Medium,1.0,0.05,n47,2,0.433633,7.2222465e-09,7.2222465e-09
Medium,1.0,0.05,n47,2,0.434383,7.4284188e-09,7.4284188e-09
Medium,1.0,0.05,n47,2,0.435133,7.6403932e-09,7.6403932e-09
Medium,1.0,0.05,n47,2,0.435883,7.8583286e-09,7.8583286e-09
Medium,1.0,0.05,n47,2,0.436633,8.0823882e-09,8.0823882e-09
Medium,1.0,0.05,n47,2,0.437383,8.3127396e-09,8.3127396e-09
Medium,1.0,0.05,n47,2,0.438133,8.5495543e-09,8.5495543e-09
Medium,1.0,0.05,n47,2,0.438883,8.7930087e-09,8.7930087e-09
Medium,1.0,0.05,n47,2,0.439633,9.0432834e-09,9.0432834e-09
Medium,1.0,0.05,n47,2,0.440383,9.3005638e-09,9.3005638e-09
Medium,1.0,0.05,n47,2,0.441133,9.5650401e-09,9.5650401e-09
Medium,1.0,0.05,n47,2,0.441883,9.8369071e-09,9.8369071e-09
Medium,1.0,0.05,n47,2,0.442633,1.0116365e-08,1.0116365e-08
Medium,1.0,0.05,n47,2,0.443383,1.0403618e-08,1.0403618e-08
Medium,1.0,0.05,n47,2,0.444133,1.0698877e-08,1.0698877e-08
Medium,1.0,0.05,n47,2,0.444883,1.1002358e-08,1.1002358e-08
Medium,1.0,0.05,n47,2,0.445633,1.131428e-08,1.131428e-08
Medium,1.0,0.05,n47,2,0.446383,1.1634871e-08,1.1634871e-08
Medium,1.0,0.05,n47,2,0.447133,1.1964362e-08,1.1964362e-08
Medium,1.0,0.05,n47,2,0.447883,1.2302991e-08,1.2302991e-08
Medium,1.0,0.05,n47,2,0.448633,1.2651002e-08,1.2651002e-08
Medium,1.0,0.05,n47,2,0.449383,1.3008644e-08,1.3008644e-08
Medium,1.0,0.05,n47,2,0.450133,1.3376173e-08,1.3376173e-08
Medium,1.0,0.05,n47,2,0.450883,1.3753851e-08,1.3753851e-08
Medium,1.0,0.05,n47,2,0.451633,1.4141946e-08,1.4141946e-08
Medium,1.0,0.05,n47,2,0.452383,1.4540733e-08,1.4540733e-08
Medium,1.0,0.05,n47,2,0.453133,1.4950492e-08,1.4950492e-08
Medium,1.0,0.05,n47,2,0.453883,1.5371513e-08,1.5371513e-08
Medium,1.0,0.05,n47,2,0.454633,1.580409e-08,1.580409e-08
Medium,1.0,0.05,n47,2,0.455383,1.6248525e-08,1.6248525e-08
Medium,1.0,0.05,n47,2,0.456133,1.6705126e-08,1.6705126e-08
Medium,1.0,0.05,n47,2,0.456883,1.7174211e-08,1.7174211e-08
Medium,1.0,0.05,n47,2,0.457633,1.7656101e-08,1.7656101e-08
Medium,1.0,0.05,n47,2,0.458383,1.815113e-08,1.815113e-08
Medium,1.0,0.05,n47,2,0.459133,1.8659634e-08,1.8659634e-08
Medium,1.0,0.05,n47,2,0.459883,1.9181961e-08,1.9181961e-08
Medium,1.0,0.05,n47,2,0.460633,1.9718464e-08,1.9718464e-08
Medium,1.0,0.05,n47,2,0.461383,2.0269505e-08,2.0269505e-08
Medium,1.0,0.05,n47,2,0.462133,2.0835456e-08,2.0835456e-08
Medium,1.0,0.05,n47,2,0.462883,2.1416694e-08,2.1416694e-08
Medium,1.0,0.05,n47,2,0.463633,2.2013606e-08,2.2013606e-08
Medium,1.0,0.05,n47,2,0.464383,2.2626587e-08,2.2626587e-08
Medium,1.0,0.05,n47,2,0.465133,2.3256042e-08,2.3256042e-08
Medium,1.0,0.05,n47,2,0.465883,2.3902382e-08,2.3902382e-08
Medium,1.0,0.05,n47,2,0.466633,2.4566029e-08,2.4566029e-08
Medium,1.0,0.05,n47,2,0.467383,2.5247414e-08,2.5247414e-08
Medium,1.0,0.05,n47,2,0.468133,2.5946975e-08,2.5946975e-08
Medium,1.0,0.05,n47,2,0.468883,2.6665161e-08,2.6665161e-08
Medium,1.0,0.05,n47,2,0.469633,2.7402429e-08,2.7402429e-08
Medium,1.0,0.05,n47,2,0.470383,2.8159247e-08,2.8159247e-08
Medium,1.0,0.05,n47,2,0.471133,2.8936091e-08,2.8936091e-08
Medium,1.0,0.05,n47,2,0.471883,2.9733447e-08,2.9733447e-08
Medium,1.0,0.05,n47,2,0.472633,3.0551809e-08,3.0551809e-08
Medium,1.0,0.05,n47,2,0.473383,3.1391685e-08,3.1391685e-08
Medium,1.0,0.05,n47,2,0.474133,3.2253587e-08,3.2253587e-08
Medium,1.0,0.05,n47,2,0.474883,3.3138042e-08,3.3138042e-08
Medium,1.0,0.05,n47,2,0.475633,3.4045583e-08,3.4045583e-08
Medium,1.0,0.05,n47,2,0.476383,3.4976755e-08,3.4976755e-08
Medium,1.0,0.05,n47,2,0.477133,3.5932114e-08,3.5932114e-08
Medium,1.0,0.05,n47,2,0.477883,3.6912222e-08,3.6912222e-08
Medium,1.0,0.05,n47,2,0.478633,3.7917656e-08,3.7917656e-08
Medium,1.0,0.05,n47,2,0.479383,3.8949e-08,3.8949e-08
Medium,1.0,0.05,n47,2,0.480133,4.0006848e-08,4.0006848e-08
Medium,1.0,0.05,n47,2,0.480883,4.1091807e-08,4.1091807e-08
Medium,1.0,0.05,n47,2,0.481633,4.220449e-08,4.220449e-08
Medium,1.0,0.05,n47,2,0.482383,4.3345524e-08,4.3345524e-08
Medium,1.0,0.05,n47,2,0.483133,4.4515543e-08,4.4515543e-08
Medium,1.0,0.05,n47,2,0.483883,4.5715194e-08,4.5715194e-08
Medium,1.0,0.05,n47,2,0.484633,4.6945131e-08,4.6945131e-08
Medium,1.0,0.05,n47,2,0.485383,4.8206021e-08,4.8206021e-08
Medium,1.0,0.05,n47,2,0.486133,4.9498538e-08,4.9498538e-08
Medium,1.0,0.05,n47,2,0.486883,5.0823369e-08,5.0823369e-08
Medium,1.0,0.05,n47,2,0.487633,5.2181207e-08,5.2181207e-08
Medium,1.0,0.05,n47,2,0.488383,5.3572759e-08,5.3572759e-08
Medium,1.0,0.05,n47,2,0.489133,5.4998738e-08,5.4998738e-08
Medium,1.0,0.05,n47,2,0.489883,5.6459868e-08,5.6459868e-08
Medium,1.0,0.05,n47,2,0.490633,5.7956881e-08,5.7956881e-08
Medium,1.0,0.05,n47,2,0.491383,5.9490521e-08,5.9490521e-08
Medium,1.0,0.05,n47,2,0.492133,6.1061539e-08,6.1061539e-08
Medium,1.0,0.05,n47,2,0.492883,6.2670693e-08,6.2670693e-08
Medium,1.0,0.05,n47,2,0.493633,6.4318753e-08,6.4318753e-08
Medium,1.0,0.05,n47,2,0.494383,6.6006496e-08,6.6006496e-08
Medium,1.0,0.05,n47,2,0.495133,6.7734705e-08,6.7734705e-08
Medium,1.0,0.05,n47,2,0.495883,6.9504175e-08,6.9504175e-08
Medium,1.0,0.05,n47,2,0.496633,7.1315705e-08,7.1315705e-08
Medium,1.0,0.05,n47,2,0.497383,7.3170103e-08,7.3170103e-08
Medium,1.0,0.05,n47,2,0.498133,7.5068184e-08,7.5068184e-08
Medium,1.0,0.05,n47,2,0.498883,7.7010768e-08,7.7010768e-08
Medium,1.0,0.05,n47,2,0.499633,7.8998684e-08,7.8998684e-08
Medium,1.0,0.05,n47,2,0.5,7.9988216e-08,7.9988216e-08
Medium,1.0,0.05,n47,3,0.5005,8.1354307e-08,8.1354307e-08
Medium,1.0,0.05,n47,3,0.50109852,8.3017137e-08,8.3017137e-08
Medium,1.0,0.05,n47,3,0.50181497,8.5047681e-08,8.5047681e-08
Medium,1.0,0.05,n47,3,0.50267258,8.7536722e-08,8.7536722e-08
Medium,1.0,0.05,n47,3,0.50369918,9.0601583e-08,9.0601583e-08
Medium,1.0,0.05,n47,3,0.50492806,9.4395611e-08,9.4395611e-08
Medium,1.0,0.05,n47,3,0.50639907,9.9121758e-08,9.9121758e-08
Medium,1.0,0.05,n47,3,0.50815992,1.0505227e-07,1.0505227e-07
Medium,1.0,0.05,n47,3,0.51026773,1.1255766e-07,1.1255766e-07
Medium,1.0,0.05,n47,3,0.51279085,1.2214974e-07,1.2214974e-07
Medium,1.0,0.05,n47,3,0.51581112,1.345464e-07,1.345464e-07
Medium,1.0,0.05,n47,3,0.51942649,1.5076941e-07,1.5076941e-07
Medium,1.0,0.05,n47,3,0.52374888,1.7226401e-07,1.7226401e-07
Medium,1.0,0.05,n47,3,0.52874888,2.0015782e-07,2.0015782e-07
Medium,1.0,0.05,n47,3,0.53374888,2.3148473e-07,2.3148473e-07
Medium,1.0,0.05,n47,3,0.53874888,2.6639558e-07,2.6639558e-07
Medium,1.0,0.05,n47,3,0.54374888,3.0498825e-07,3.0498825e-07
Medium,1.0,0.05,n47,3,0.54874888,3.4729809e-07,3.4729809e-07
Medium,1.0,0.05,n47,3,0.55374888,3.9329044e-07,3.9329044e-07
Medium,1.0,0.05,n47,3,0.55874888,4.4285567e-07,4.4285567e-07
Medium,1.0,0.05,n47,3,0.56374888,4.958075e-07,4.958075e-07
Medium,1.0,0.05,n47,3,0.56874888,5.51885e-07,5.51885e-07
Medium,1.0,0.05,n47,3,0.57374888,6.1075845e-07,6.1075845e-07
Medium,1.0,0.05,n47,3,0.57874888,6.7203888e-07,6.7203888e-07
Medium,1.0,0.05,n47,3,0.58374888,7.3529095e-07,7.3529095e-07
Medium,1.0,0.05,n47,3,0.58874888,8.0004817e-07,8.0004817e-07
Medium,1.0,0.05,n47,3,0.59374888,8.6582954e-07,8.6582954e-07
Medium,1.0,0.05,n47,3,0.59874888,9.3215631e-07,9.3215631e-07
Medium,1.0,0.05,n47,3,0.60374888,9.9856762e-07,9.9856762e-07
Medium,1.0,0.05,n47,3,0.60874888,1.0646341e-06,1.0646341e-06
Medium,1.0,0.05,n47,3,0.61374888,1.1299682e-06,1.1299682e-06
Medium,1.0,0.05,n47,3,0.61874888,1.1942318e-06,1.1942318e-06
Medium,1.0,0.05,n47,3,0.62374888,1.2571399e-06,1.2571399e-06
Medium,1.0,0.05,n47,3,0.62874888,1.3184614e-06,1.3184614e-06
Medium,1.0,0.05,n47,3,0.63374888,1.3780174e-06,1.3780174e-06
Medium,1.0,0.05,n47,3,0.63874888,1.4356776e-06,1.4356776e-06
Medium,1.0,0.05,n47,3,0.64374888,1.4913549e-06,1.4913549e-06
Medium,1.0,0.05,n47,3,0.64874888,1.5450002e-06,1.5450002e-06
Medium,1.0,0.05,n47,3,0.65374888,1.5965962e-06,1.5965962e-06
Medium,1.0,0.05,n47,3,0.65874888,1.6461516e-06,1.6461516e-06
Medium,1.0,0.05,n47,3,0.66374888,1.693696e-06,1.693696e-06
Medium,1.0,0.05,n47,3,0.66874888,1.739275e-06,1.739275e-06
Medium,1.0,0.05,n47,3,0.67374888,1.7829463e-06,1.7829463e-06
Medium,1.0,0.05,n47,3,0.67874888,1.8247758e-06,1.8247758e-06
Medium,1.0,0.05,n47,3,0.68374888,1.8648354e-06,1.8648354e-06
Medium,1.0,0.05,n47,3,0.68874888,1.9032e-06,1.9032e-06
Medium,1.0,0.05,n47,3,0.69374888,1.9399462e-06,1.9399462e-06
Medium,1.0,0.05,n47,3,0.69874888,1.9751507e-06,1.9751507e-06
Medium,1.0,0.05,n47,3,0.70374888,2.008889e-06,2.008889e-06
Medium,1.0,0.05,n47,3,0.70874888,2.0412352e-06,2.0412352e-06
Medium,1.0,0.05,n47,3,0.71374888,2.0722607e-06,2.0722607e-06
Medium,1.0,0.05,n47,3,0.71874888,2.1020345e-06,2.1020345e-06
Medium,1.0,0.05,n47,3,0.72374888,2.1306222e-06,2.1306222e-06
Medium,1.0,0.05,n47,3,0.72874888,2.1580868e-06,2.1580868e-06
Medium,1.0,0.05,n47,3,0.73374888,2.1844877e-06,2.1844877e-06
Medium,1.0,0.05,n47,3,0.73874888,2.2098815e-06,2.2098815e-06
Medium,1.0,0.05,n47,3,0.74374888,2.2343214e-06,2.2343214e-06
Medium,1.0,0.05,n47,3,0.74874888,2.2578578e-06,2.2578578e-06
Medium,1.0,0.05,n47,3,0.75374888,2.280538e-06,2.280538e-06
Medium,1.0,0.05,n47,3,0.75874888,2.3024069e-06,2.3024069e-06
Medium,1.0,0.05,n47,3,0.76374888,2.3235064e-06,2.3235064e-06
Medium,1.0,0.05,n47,3,0.76874888,2.343876e-06,2.343876e-06
Medium,1.0,0.05,n47,3,0.77374888,2.3635529e-06,2.3635529e-06
Medium,1.0,0.05,n47,3,0.77874888,2.3825719e-06,2.3825719e-06
Medium,1.0,0.05,n47,3,0.78374888,2.4009658e-06,2.4009658e-06
Medium,1.0,0.05,n47,3,0.78874888,2.4187655e-06,2.4187655e-06
Medium,1.0,0.05,n47,3,0.79374888,2.436e-06,2.436e-06
Medium,1.0,0.05,n47,3,0.79874888,2.4526966e-06,2.4526966e-06
Medium,1.0,0.05,n47,3,0.80374888,2.4688808e-06,2.4688808e-06
Medium,1.0,0.05,n47,3,0.80874888,2.4845769e-06,2.4845769e-06
Medium,1.0,0.05,n47,3,0.81374888,2.4998075e-06,2.4998075e-06
Medium,1.0,0.05,n47,3,0.81874888,2.5145941e-06,2.5145941e-06
Medium,1.0,0.05,n47,3,0.82374888,2.5289567e-06,2.5289567e-06
Medium,1.0,0.05,n47,3,0.82874888,2.5429145e-06,2.5429145e-06
Medium,1.0,0.05,n47,3,0.83374888,2.5564853e-06,2.5564853e-06
Medium,1.0,0.05,n47,3,0.83874888,2.569686e-06,2.569686e-06
Medium,1.0,0.05,n47,3,0.84374888,2.5825326e-06,2.5825326e-06
Medium,1.0,0.05,n47,3,0.84874888,2.5950403e-06,2.5950403e-06
Medium,1.0,0.05,n47,3,0.85374888,2.6072232e-06,2.6072232e-06
Medium,1.0,0.05,n47,3,0.85874888,2.6190948e-06,2.6190948e-06
Medium,1.0,0.05,n47,3,0.86374888,2.630668e-06,2.630668e-06
Medium,1.0,0.05,n47,3,0.86874888,2.6419547e-06,2.6419547e-06
Medium,1.0,0.05,n47,3,0.87374888,2.6529665e-06,2.6529665e-06
Medium,1.0,0.05,n47,3,0.87874888,2.6637142e-06,2.6637142e-06
Medium,1.0,0.05,n47,3,0.88374888,2.6742081e-06,2.6742081e-06
Medium,1.0,0.05,n47,3,0.88874888,2.684458e-06,2.684458e-06
Medium,1.0,0.05,n47,3,0.89374888,2.694473e-06,2.694473e-06
Medium,1.0,0.05,n47,3,0.89874888,2.7042621e-06,2.7042621e-06
Medium,1.0,0.05,n47,3,0.90374888,2.7138337e-06,2.7138337e-06
Medium,1.0,0.05,n47,3,0.90874888,2.7231956e-06,2.7231956e-06
Medium,1.0,0.05,n47,3,0.91374888,2.7323554e-06,2.7323554e-06
Medium,1.0,0.05,n47,3,0.91874888,2.7413205e-06,2.7413205e-06
Medium,1.0,0.05,n47,3,0.92374888,2.7500976e-06,2.7500976e-06
Medium,1.0,0.05,n47,3,0.92874888,2.7586933e-06,2.7586933e-06
Medium,1.0,0.05,n47,3,0.93374888,2.7671138e-06,2.7671138e-06
Medium,1.0,0.05,n47,3,0.93874888,2.7753652e-06,2.7753652e-06
Medium,1.0,0.05,n47,3,0.94374888,2.7834531e-06,2.7834531e-06
Medium,1.0,0.05,n47,3,0.94874888,2.7913828e-06,2.7913828e-06
Medium,1.0,0.05,n47,3,0.95374888,2.7991598e-06,2.7991598e-06
Medium,1.0,0.05,n47,3,0.95874888,2.8067888e-06,2.8067888e-06
Medium,1.0,0.05,n47,3,0.96374888,2.8142746e-06,2.8142746e-06
Medium,1.0,0.05,n47,3,0.96874888,2.8216218e-06,2.8216218e-06
Medium,1.0,0.05,n47,3,0.97374888,2.8288347e-06,2.8288347e-06
Medium,1.0,0.05,n47,3,0.97874888,2.8359175e-06,2.8359175e-06
Medium,1.0,0.05,n47,3,0.98374888,2.8428742e-06,2.8428742e-06
Medium,1.0,0.05,n47,3,0.98874888,2.8497085e-06,2.8497085e-06
Medium,1.0,0.05,n47,3,0.99374888,2.8564243e-06,2.8564243e-06
Medium,1.0,0.05,n47,3,0.99874888,2.8630249e-06,2.8630249e-06
Medium,1.0,0.05,n47,3,1,2.8646581e-06,2.8646581e-06
Fine,0.5,0.05,n49,1,0.00035,4.4329367e-16,4.4329367e-16
Fine,0.5,0.05,n49,1,0.00076948148,4.5050834e-16,4.5050834e-16
Fine,0.5,0.05,n49,1,0.0012722378,4.5930725e-16,4.5930725e-16
Fine,0.5,0.05,n49,1,0.0018748006,4.7007381e-16,4.7007381e-16
Fine,0.5,0.05,n49,1,0.0025969832,4.8329968e-16,4.8329968e-16
Fine,0.5,0.05,n49,1,0.0034625325,4.9962521e-16,4.9962521e-16
Fine,0.5,0.05,n49,1,0.0044999093,5.2010206e-16,5.2010206e-16
Fine,0.5,0.05,n49,1,0.0057416877,5.4557306e-16,5.4557306e-16
Fine,0.5,0.05,n49,1,0.0072281426,5.7770794e-16,5.7770794e-16
Fine,0.5,0.05,n49,1,0.009007484,6.1867253e-16,6.1867253e-16
Fine,0.5,0.05,n49,1,0.011137422,6.71545e-16,6.71545e-16
Fine,0.5,0.05,n49,1,0.013687036,7.408084e-16,7.408084e-16
Fine,0.5,0.05,n49,1,0.016739019,8.3317276e-16,8.3317276e-16
Fine,0.5,0.05,n49,1,0.020392355,9.5899374e-16,9.5899374e-16
Fine,0.5,0.05,n49,1,0.024765534,1.13481e-15,1.13481e-15
Fine,0.5,0.05,n49,1,0.030000391,1.3880561e-15,1.3880561e-15
Fine,0.5,0.05,n49,1,0.036266709,1.7661375e-15,1.7661375e-15
Fine,0.5,0.05,n49,1,0.043266709,2.3110064e-15,2.3110064e-15
Fine,0.5,0.05,n49,1,0.050266709,3.0257666e-15,3.0257666e-15
Fine,0.5,0.05,n49,1,0.057266709,3.9615136e-15,3.9615136e-15
Fine,0.5,0.05,n49,1,0.064266709,5.1865458e-15,5.1865458e-15
Fine,0.5,0.05,n49,1,0.071266709,6.7902611e-15,6.7902611e-15
Fine,0.5,0.05,n49,1,0.078266709,8.8896724e-15,8.8896724e-15
Fine,0.5,0.05,n49,1,0.085266709,1.1637934e-14,1.1637934e-14
Fine,0.5,0.05,n49,1,0.092266709,1.5235499e-14,1.5235499e-14
Fine,0.5,0.05,n49,1,0.099266709,1.994472e-14,1.994472e-14
Fine,0.5,0.05,n49,1,0.10626671,2.6108954e-14,2.6108954e-14
Fine,0.5,0.05,n49,1,0.11326671,3.4177562e-14,3.4177562e-14
Fine,0.5,0.05,n49,1,0.12026671,4.4738619e-14,4.4738619e-14
Fine,0.5,0.05,n49,1,0.12726671,5.8561724e-14,5.8561724e-14
Fine,0.5,0.05,n49,1,0.13426671,7.6654376e-14,7.6654376e-14
Fine,0.5,0.05,n49,1,0.14126671,1.0033439e-13,1.0033439e-13
Fine,0.5,0.05,n49,1,0.14826671,1.3133e-13,1.3133e-13
Fine,0.5,0.05,n49,1,0.15526671,1.7212064e-13,1.7212064e-13
Fine,0.5,0.05,n49,1,0.16226671,2.2527096e-13,2.2527096e-13
Fine,0.5,0.05,n49,1,0.16926671,2.9451247e-13,2.9451247e-13
Fine,0.5,0.05,n49,1,0.17626671,3.853978e-13,3.853978e-13
Fine,0.5,0.05,n49,1,0.18326671,5.0439038e-13,5.0439038e-13
Fine,0.5,0.05,n49,1,0.19026671,6.6005871e-13,6.6005871e-13
Fine,0.5,0.05,n49,1,0.19726671,8.6372321e-13,8.6372321e-13
Fine,0.5,0.05,n49,1,0.20426671,1.1314325e-12,1.1314325e-12
Fine,0.5,0.05,n49,1,0.21126671,1.478852e-12,1.478852e-12
Fine,0.5,0.05,n49,1,0.21826671,1.9349758e-12,1.9349758e-12
Fine,0.5,0.05,n49,1,0.22526671,2.5316839e-12,2.5316839e-12
Fine,0.5,0.05,n49,1,0.23226671,3.3122702e-12,3.3122702e-12
Fine,0.5,0.05,n49,1,0.23926671,4.3333471e-12,4.3333471e-12
Fine,0.5,0.05,n49,1,0.24626671,5.6690076e-12,5.6690076e-12
Fine,0.5,0.05,n49,1,0.25326671,7.4158245e-12,7.4158245e-12
Fine,0.5,0.05,n49,1,0.26026671,9.7005319e-12,9.7005319e-12
Fine,0.5,0.05,n49,1,0.26726671,1.2688457e-11,1.2688457e-11
Fine,0.5,0.05,n49,1,0.27426671,1.6595788e-11,1.6595788e-11
Fine,0.5,0.05,n49,1,0.28126671,2.1705073e-11,2.1705073e-11
Fine,0.5,0.05,n49,1,0.28826671,2.8385549e-11,2.8385549e-11
Fine,0.5,0.05,n49,1,0.29526671,3.711965e-11,3.711965e-11
Fine,0.5,0.05,n49,1,0.30226671,4.8537765e-11,4.8537765e-11
Fine,0.5,0.05,n49,1,0.30926671,6.3463174e-11,6.3463174e-11
Fine,0.5,0.05,n49,1,0.31626671,8.2971234e-11,8.2971234e-11
Fine,0.5,0.05,n49,1,0.32326671,1.0846609e-10,1.0846609e-10
Fine,0.5,0.05,n49,1,0.33026671,1.4178087e-10,1.4178087e-10
Fine,0.5,0.05,n49,1,0.33726671,1.8530809e-10,1.8530809e-10
Fine,0.5,0.05,n49,1,0.34426671,2.421695e-10,2.421695e-10
Fine,0.5,0.05,n49,1,0.35,3.0148815e-10,3.0148815e-10
Fine,0.5,0.05,n49,2,0.350015,3.0166098e-10,3.0166098e-10
Fine,0.5,0.05,n49,2,0.35003149,3.0185111e-10,3.0185111e-10
Fine,0.5,0.05,n49,2,0.35004962,3.0206028e-10,3.0206028e-10
Fine,0.5,0.05,n49,2,0.35006956,3.0229043e-10,3.0229043e-10
Fine,0.5,0.05,n49,2,0.35009148,3.0254366e-10,3.0254366e-10
Fine,0.5,0.05,n49,2,0.35011557,3.0282232e-10,3.0282232e-10
Fine,0.5,0.05,n49,2,0.35014206,3.0312898e-10,3.0312898e-10
Fine,0.5,0.05,n49,2,0.35017119,3.034665e-10,3.034665e-10
Fine,0.5,0.05,n49,2,0.35020322,3.0383802e-10,3.0383802e-10
Fine,0.5,0.05,n49,2,0.35023843,3.0424701e-10,3.0424701e-10
Fine,0.5,0.05,n49,2,0.35027714,3.046973e-10,3.046973e-10
Fine,0.5,0.05,n49,2,0.3503197,3.0519307e-10,3.0519307e-10
Fine,0.5,0.05,n49,2,0.35036649,3.0573918e-10,3.0573918e-10
Fine,0.5,0.05,n49,2,0.35041793,3.0634072e-10,3.0634072e-10
Fine,0.5,0.05,n49,2,0.35047446,3.0700307e-10,3.0700307e-10
Fine,0.5,0.05,n49,2,0.35053652,3.0773183e-10,3.0773183e-10
Fine,0.5,0.05,n49,2,0.35060476,3.0853505e-10,3.0853505e-10
Fine,0.5,0.05,n49,2,0.35067977,3.0942057e-10,3.0942057e-10
Fine,0.5,0.05,n49,2,0.35076225,3.1039707e-10,3.1039707e-10
Fine,0.5,0.05,n49,2,0.35085293,3.1147423e-10,3.1147423e-10
Fine,0.5,0.05,n49,2,0.35095262,3.1266281e-10,3.1266281e-10
Fine,0.5,0.05,n49,2,0.35106224,3.1397481e-10,3.1397481e-10
Fine,0.5,0.05,n49,2,0.35118275,3.1542363e-10,3.1542363e-10
Fine,0.5,0.05,n49,2,0.35131524,3.1702422e-10,3.1702422e-10
Fine,0.5,0.05,n49,2,0.35146062,3.1878956e-10,3.1878956e-10
Fine,0.5,0.05,n49,2,0.35162045,3.2074219e-10,3.2074219e-10
Fine,0.5,0.05,n49,2,0.35179591,3.2289928e-10,3.2289928e-10
Fine,0.5,0.05,n49,2,0.35198863,3.2528515e-10,3.2528515e-10
Fine,0.5,0.05,n49,2,0.3522005,3.2792859e-10,3.2792859e-10
Fine,0.5,0.05,n49,2,0.35243345,3.3085966e-10,3.3085966e-10
Fine,0.5,0.05,n49,2,0.35268957,3.3411239e-10,3.3411239e-10
Fine,0.5,0.05,n49,2,0.35297115,3.3772541e-10,3.3772541e-10
Fine,0.5,0.05,n49,2,0.35328074,3.4174274e-10,3.4174274e-10
Fine,0.5,0.05,n49,2,0.35362111,3.4621472e-10,3.4621472e-10
Fine,0.5,0.05,n49,2,0.35387034,3.4952614e-10,3.4952614e-10
Fine,0.5,0.05,n49,2,0.35414422,3.5320148e-10,3.5320148e-10
Fine,0.5,0.05,n49,2,0.3544438,3.5726601e-10,3.5726601e-10
Fine,0.5,0.05,n49,2,0.35477318,3.6178865e-10,3.6178865e-10
Fine,0.5,0.05,n49,2,0.35513532,3.66827e-10,3.66827e-10
Fine,0.5,0.05,n49,2,0.35553347,3.724472e-10,3.724472e-10
Fine,0.5,0.05,n49,2,0.35597121,3.7872579e-10,3.7872579e-10
Fine,0.5,0.05,n49,2,0.35645224,3.8574687e-10,3.8574687e-10
Fine,0.5,0.05,n49,2,0.35698084,3.9361212e-10,3.9361212e-10
Fine,0.5,0.05,n49,2,0.35756171,4.0243979e-10,4.0243979e-10
Fine,0.5,0.05,n49,2,0.35820002,4.1236837e-10,4.1236837e-10
Fine,0.5,0.05,n49,2,0.35890145,4.2356081e-10,4.2356081e-10
Fine,0.5,0.05,n49,2,0.35965145,4.3586366e-10,4.3586366e-10
Fine,0.5,0.05,n49,2,0.36040145,4.4852299e-10,4.4852299e-10
Fine,0.5,0.05,n49,2,0.36115145,4.6154909e-10,4.6154909e-10
Fine,0.5,0.05,n49,2,0.36190145,4.7495256e-10,4.7495256e-10
Fine,0.5,0.05,n49,2,0.36265145,4.8874427e-10,4.8874427e-10
Fine,0.5,0.05,n49,2,0.36340145,5.0293545e-10,5.0293545e-10
Fine,0.5,0.05,n49,2,0.36415145,5.175376e-10,5.175376e-10
Fine,0.5,0.05,n49,2,0.36490145,5.3256259e-10,5.3256259e-10
Fine,0.5,0.05,n49,2,0.36565145,5.4802261e-10,5.4802261e-10
Fine,0.5,0.05,n49,2,0.36640145,5.6393022e-10,5.6393022e-10
Fine,0.5,0.05,n49,2,0.36715145,5.802983e-10,5.802983e-10
Fine,0.5,0.05,n49,2,0.36790145,5.9714014e-10,5.9714014e-10
Fine,0.5,0.05,n49,2,0.36865145,6.1446939e-10,6.1446939e-10
Fine,0.5,0.05,n49,2,0.36940145,6.323001e-10,6.323001e-10
Fine,0.5,0.05,n49,2,0.37015145,6.5064672e-10,6.5064672e-10
Fine,0.5,0.05,n49,2,0.37090145,6.695241e-10,6.695241e-10
Fine,0.5,0.05,n49,2,0.37165145,6.8894753e-10,6.8894753e-10
Fine,0.5,0.05,n49,2,0.37240145,7.0893273e-10,7.0893273e-10
Fine,0.5,0.05,n49,2,0.37315145,7.2949589e-10,7.2949589e-10
Fine,0.5,0.05,n49,2,0.37390145,7.5065362e-10,7.5065362e-10
Fine,0.5,0.05,n49,2,0.37465145,7.7242304e-10,7.7242304e-10
Fine,0.5,0.05,n49,2,0.37540145,7.9482175e-10,7.9482175e-10
Fine,0.5,0.05,n49,2,0.37615145,8.1786784e-10,8.1786784e-10
Fine,0.5,0.05,n49,2,0.37690145,8.4157994e-10,8.4157994e-10
Fine,0.5,0.05,n49,2,0.37765145,8.6597719e-10,8.6597719e-10
Fine,0.5,0.05,n49,2,0.37840145,8.9107929e-10,8.9107929e-10
Fine,0.5,0.05,n49,2,0.37915145,9.1690648e-10,9.1690648e-10
Fine,0.5,0.05,n49,2,0.37990145,9.434796e-10,9.434796e-10
Fine,0.5,0.05,n49,2,0.38065145,9.7082007e-10,9.7082007e-10
Fine,0.5,0.05,n49,2,0.38140145,9.9894993e-10,9.9894993e-10
Fine,0.5,0.05,n49,2,0.38215145,1.0278918e-09,1.0278918e-09
Fine,0.5,0.05,n49,2,0.38290145,1.0576691e-09,1.0576691e-09
Fine,0.5,0.05,n49,2,0.38365145,1.0883057e-09,1.0883057e-09
Fine,0.5,0.05,n49,2,0.38440145,1.1198262e-09,1.1198262e-09
Fine,0.5,0.05,n49,2,0.38515145,1.1522561e-09,1.1522561e-09
Fine,0.5,0.05,n49,2,0.38590145,1.1856213e-09,1.1856213e-09
Fine,0.5,0.05,n49,2,0.38665145,1.2199487e-09,1.2199487e-09
Fine,0.5,0.05,n49,2,0.38740145,1.2552659e-09,1.2552659e-09
Fine,0.5,0.05,n49,2,0.38815145,1.2916012e-09,1.2916012e-09
Fine,0.5,0.05,n49,2,0.38890145,1.3289837e-09,1.3289837e-09
Fine,0.5,0.05,n49,2,0.38965145,1.3674435e-09,1.3674435e-09
Fine,0.5,0.05,n49,2,0.39040145,1.4070113e-09,1.4070113e-09
Fine,0.5,0.05,n49,2,0.39115145,1.4477188e-09,1.4477188e-09
Fine,0.5,0.05,n49,2,0.39190145,1.4895986e-09,1.4895986e-09
Fine,0.5,0.05,n49,2,0.39265145,1.5326843e-09,1.5326843e-09
Fine,0.5,0.05,n49,2,0.39340145,1.5770103e-09,1.5770103e-09
Fine,0.5,0.05,n49,2,0.39415145,1.622612e-09,1.622612e-09
Fine,0.5,0.05,n49,2,0.39490145,1.6695259e-09,1.6695259e-09
Fine,0.5,0.05,n49,2,0.39565145,1.7177894e-09,1.7177894e-09
Fine,0.5,0.05,n49,2,0.39640145,1.7674409e-09,1.7674409e-09
Fine,0.5,0.05,n49,2,0.39715145,1.8185201e-09,1.8185201e-09
Fine,0.5,0.05,n49,2,0.39790145,1.8710677e-09,1.8710677e-09
Fine,0.5,0.05,n49,2,0.39865145,1.9251256e-09,1.9251256e-09
Fine,0.5,0.05,n49,2,0.39940145,1.9807367e-09,1.9807367e-09
Fine,0.5,0.05,n49,2,0.40015145,2.0379452e-09,2.0379452e-09
Fine,0.5,0.05,n49,2,0.40090145,2.0967967e-09,2.0967967e-09
Fine,0.5,0.05,n49,2,0.40165145,2.1573378e-09,2.1573378e-09
Fine,0.5,0.05,n49,2,0.40240145,2.2196166e-09,2.2196166e-09
Fine,0.5,0.05,n49,2,0.40315145,2.2836826e-09,2.2836826e-09
Fine,0.5,0.05,n49,2,0.40390145,2.3495863e-09,2.3495863e-09
Fine,0.5,0.05,n49,2,0.40465145,2.4173801e-09,2.4173801e-09
Fine,0.5,0.05,n49,2,0.40540145,2.4871176e-09,2.4871176e-09
Fine,0.5,0.05,n49,2,0.40615145,2.5588538e-09,2.5588538e-09
Fine,0.5,0.05,n49,2,0.40690145,2.6326455e-09,2.6326455e-09
Fine,0.5,0.05,n49,2,0.40765145,2.7085508e-09,2.7085508e-09
Fine,0.5,0.05,n49,2,0.40840145,2.7866297e-09,2.7866297e-09
Fine,0.5,0.05,n49,2,0.40915145,2.8669436e-09,2.8669436e-09
Fine,0.5,0.05,n49,2,0.40990145,2.9495558e-09,2.9495558e-09
Fine,0.5,0.05,n49,2,0.41065145,3.0345312e-09,3.0345312e-09
Fine,0.5,0.05,n49,2,0.41140145,3.1219365e-09,3.1219365e-09
Fine,0.5,0.05,n49,2,0.41215145,3.2118405e-09,3.2118405e-09
Fine,0.5,0.05,n49,2,0.41290145,3.3043135e-09,3.3043135e-09
Fine,0.5,0.05,n49,2,0.41365145,3.399428e-09,3.399428e-09
Fine,0.5,0.05,n49,2,0.41440145,3.4972585e-09,3.4972585e-09
Fine,0.5,0.05,n49,2,0.41515145,3.5978814e-09,3.5978814e-09
Fine,0.5,0.05,n49,2,0.41590145,3.7013753e-09,3.7013753e-09
Fine,0.5,0.05,n49,2,0.41665145,3.8078209e-09,3.8078209e-09
Fine,0.5,0.05,n49,2,0.41740145,3.9173012e-09,3.9173012e-09
Fine,0.5,0.05,n49,2,0.41815145,4.0299013e-09,4.0299013e-09
Fine,0.5,0.05,n49,2,0.41890145,4.1457088e-09,4.1457088e-09
Fine,0.5,0.05,n49,2,0.41965145,4.2648136e-09,4.2648136e-09
Fine,0.5,0.05,n49,2,0.42040145,4.3873081e-09,4.3873081e-09
Fine,0.5,0.05,n49,2,0.42115145,4.5132871e-09,4.5132871e-09
Fine,0.5,0.05,n49,2,0.42190145,4.6428481e-09,4.6428481e-09
Fine,0.5,0.05,n49,2,0.42265145,4.7760911e-09,4.7760911e-09
Fine,0.5,0.05,n49,2,0.42340145,4.913119e-09,4.913119e-09
Fine,0.5,0.05,n49,2,0.42415145,5.0540373e-09,5.0540373e-09
Fine,0.5,0.05,n49,2,0.42490145,5.1989545e-09,5.1989545e-09
Fine,0.5,0.05,n49,2,0.42565145,5.3479817e-09,5.3479817e-09
Fine,0.5,0.05,n49,2,0.42640145,5.5012334e-09,5.5012334e-09
Fine,0.5,0.05,n49,2,0.42715145,5.6588269e-09,5.6588269e-09
Fine,0.5,0.05,n49,2,0.42790145,5.8208828e-09,5.8208828e-09
Fine,0.5,0.05,n49,2,0.42865145,5.9875247e-09,5.9875247e-09
Fine,0.5,0.05,n49,2,0.42940145,6.1588797e-09,6.1588797e-09
Fine,0.5,0.05,n49,2,0.43015145,6.3350782e-09,6.3350782e-09
Fine,0.5,0.05,n49,2,0.43090145,6.516254e-09,6.516254e-09
Fine,0.5,0.05,n49,2,0.43165145,6.7025446e-09,6.7025446e-09
Fine,0.5,0.05,n49,2,0.43240145,6.8940909e-09,6.8940909e-09
Fine,0.5,0.05,n49,2,0.43315145,7.0910377e-09,7.0910377e-09
Fine,0.5,0.05,n49,2,0.43390145,7.2935336e-09,7.2935336e-09
Fine,0.5,0.05,n49,2,0.43465145,7.501731e-09,7.501731e-09
Fine,0.5,0.05,n49,2,0.43540145,7.7157863e-09,7.7157863e-09
Fine,0.5,0.05,n49,2,0.43615145,7.93586e-09,7.93586e-09
Fine,0.5,0.05,n49,2,0.43690145,8.1621167e-09,8.1621167e-09
Fine,0.5,0.05,n49,2,0.43765145,8.3947256e-09,8.3947256e-09
Fine,0.5,0.05,n49,2,0.43840145,8.6338597e-09,8.6338597e-09
Fine,0.5,0.05,n49,2,0.43915145,8.879697e-09,8.879697e-09
Fine,0.5,0.05,n49,2,0.43990145,9.1324198e-09,9.1324198e-09
Fine,0.5,0.05,n49,2,0.44065145,9.3922152e-09,9.3922152e-09
Fine,0.5,0.05,n49,2,0.44140145,9.6592748e-09,9.6592748e-09
Fine,0.5,0.05,n49,2,0.44215145,9.9337955e-09,9.9337955e-09
Fine,0.5,0.05,n49,2,0.44290145,1.0215979e-08,1.0215979e-08
Fine,0.5,0.05,n49,2,0.44365145,1.0506032e-08,1.0506032e-08
Fine,0.5,0.05,n49,2,0.44440145,1.0804166e-08,1.0804166e-08
Fine,0.5,0.05,n49,2,0.44515145,1.1110599e-08,1.1110599e-08
Fine,0.5,0.05,n49,2,0.44590145,1.1425554e-08,1.1425554e-08
Fine,0.5,0.05,n49,2,0.44665145,1.1749259e-08,1.1749259e-08
Fine,0.5,0.05,n49,2,0.44740145,1.2081948e-08,1.2081948e-08
Fine,0.5,0.05,n49,2,0.44815145,1.242386e-08,1.242386e-08
Fine,0.5,0.05,n49,2,0.44890145,1.2775242e-08,1.2775242e-08
Fine,0.5,0.05,n49,2,0.44965145,1.3136344e-08,1.3136344e-08
Fine,0.5,0.05,n49,2,0.45040145,1.3507426e-08,1.3507426e-08
Fine,0.5,0.05,n49,2,0.45115145,1.3888751e-08,1.3888751e-08
Fine,0.5,0.05,n49,2,0.45190145,1.4280589e-08,1.4280589e-08
Fine,0.5,0.05,n49,2,0.45265145,1.4683218e-08,1.4683218e-08
Fine,0.5,0.05,n49,2,0.45340145,1.5096921e-08,1.5096921e-08
Fine,0.5,0.05,n49,2,0.45415145,1.5521988e-08,1.5521988e-08
Fine,0.5,0.05,n49,2,0.45490145,1.5958718e-08,1.5958718e-08
Fine,0.5,0.05,n49,2,0.45565145,1.6407413e-08,1.6407413e-08
Fine,0.5,0.05,n49,2,0.45640145,1.6868387e-08,1.6868387e-08
Fine,0.5,0.05,n49,2,0.45715145,1.7341957e-08,1.7341957e-08
Fine,0.5,0.05,n49,2,0.45790145,1.7828449e-08,1.7828449e-08
Fine,0.5,0.05,n49,2,0.45865145,1.8328197e-08,1.8328197e-08
Fine,0.5,0.05,n49,2,0.45940145,1.8841543e-08,1.8841543e-08
Fine,0.5,0.05,n49,2,0.46015145,1.9368835e-08,1.9368835e-08
Fine,0.5,0.05,n49,2,0.46090145,1.9910431e-08,1.9910431e-08
Fine,0.5,0.05,n49,2,0.46165145,2.0466695e-08,2.0466695e-08
Fine,0.5,0.05,n49,2,0.46240145,2.1038e-08,2.1038e-08
Fine,0.5,0.05,n49,2,0.46315145,2.1624728e-08,2.1624728e-08
Fine,0.5,0.05,n49,2,0.46390145,2.2227268e-08,2.2227268e-08
Fine,0.5,0.05,n49,2,0.46465145,2.2846019e-08,2.2846019e-08
Fine,0.5,0.05,n49,2,0.46540145,2.3481387e-08,2.3481387e-08
Fine,0.5,0.05,n49,2,0.46615145,2.4133788e-08,2.4133788e-08
Fine,0.5,0.05,n49,2,0.46690145,2.4803647e-08,2.4803647e-08
Fine,0.5,0.05,n49,2,0.46765145,2.5491396e-08,2.5491396e-08
Fine,0.5,0.05,n49,2,0.46840145,2.6197477e-08,2.6197477e-08
Fine,0.5,0.05,n49,2,0.46915145,2.6922344e-08,2.6922344e-08
Fine,0.5,0.05,n49,2,0.46990145,2.7666455e-08,2.7666455e-08
Fine,0.5,0.05,n49,2,0.47065145,2.8430282e-08,2.8430282e-08
Fine,0.5,0.05,n49,2,0.47140145,2.9214304e-08,2.9214304e-08
Fine,0.5,0.05,n49,2,0.47215145,3.0019011e-08,3.0019011e-08
Fine,0.5,0.05,n49,2,0.47290145,3.08449e-08,3.08449e-08
Fine,0.5,0.05,n49,2,0.47365145,3.169248e-08,3.169248e-08
Fine,0.5,0.05,n49,2,0.47440145,3.256227e-08,3.256227e-08
Fine,0.5,0.05,n49,2,0.47515145,3.3454797e-08,3.3454797e-08
Fine,0.5,0.05,n49,2,0.47590145,3.43706e-08,3.43706e-08
Fine,0.5,0.05,n49,2,0.47665145,3.5310226e-08,3.5310226e-08
Fine,0.5,0.05,n49,2,0.47740145,3.6274233e-08,3.6274233e-08
Fine,0.5,0.05,n49,2,0.47815145,3.7263189e-08,3.7263189e-08
Fine,0.5,0.05,n49,2,0.47890145,3.8277673e-08,3.8277673e-08
Fine,0.5,0.05,n49,2,0.47965145,3.9318271e-08,3.9318271e-08
Fine,0.5,0.05,n49,2,0.48040145,4.0385583e-08,4.0385583e-08
Fine,0.5,0.05,n49,2,0.48115145,4.1480217e-08,4.1480217e-08
Fine,0.5,0.05,n49,2,0.48190145,4.2602791e-08,4.2602791e-08
Fine,0.5,0.05,n49,2,0.48265145,4.3753933e-08,4.3753933e-08
Fine,0.5,0.05,n49,2,0.48340145,4.4934283e-08,4.4934283e-08
Fine,0.5,0.05,n49,2,0.48415145,4.6144488e-08,4.6144488e-08
Fine,0.5,0.05,n49,2,0.48490145,4.7385208e-08,4.7385208e-08
Fine,0.5,0.05,n49,2,0.48565145,4.8657111e-08,4.8657111e-08
Fine,0.5,0.05,n49,2,0.48640145,4.9960876e-08,4.9960876e-08
Fine,0.5,0.05,n49,2,0.48715145,5.1297191e-08,5.1297191e-08
Fine,0.5,0.05,n49,2,0.48790145,5.2666754e-08,5.2666754e-08
Fine,0.5,0.05,n49,2,0.48865145,5.4070273e-08,5.4070273e-08
Fine,0.5,0.05,n49,2,0.48940145,5.5508464e-08,5.5508464e-08
Fine,0.5,0.05,n49,2,0.49015145,5.6982054e-08,5.6982054e-08
Fine,0.5,0.05,n49,2,0.49090145,5.849178e-08,5.849178e-08
Fine,0.5,0.05,n49,2,0.49165145,6.0038384e-08,6.0038384e-08
Fine,0.5,0.05,n49,2,0.49240145,6.1622622e-08,6.1622622e-08
Fine,0.5,0.05,n49,2,0.49315145,6.3245255e-08,6.3245255e-08
Fine,0.5,0.05,n49,2,0.49390145,6.4907054e-08,6.4907054e-08
Fine,0.5,0.05,n49,2,0.49465145,6.6608798e-08,6.6608798e-08
Fine,0.5,0.05,n49,2,0.49540145,6.8351274e-08,6.8351274e-08
Fine,0.5,0.05,n49,2,0.49615145,7.0135276e-08,7.0135276e-08
Fine,0.5,0.05,n49,2,0.49690145,7.1961606e-08,7.1961606e-08
Fine,0.5,0.05,n49,2,0.49765145,7.3831074e-08,7.3831074e-08
Fine,0.5,0.05,n49,2,0.49840145,7.5744496e-08,7.5744496e-08
Fine,0.5,0.05,n49,2,0.49915145,7.7702693e-08,7.7702693e-08
Fine,0.5,0.05,n49,2,0.49990145,7.9706496e-08,7.9706496e-08
Fine,0.5,0.05,n49,2,0.5,7.9973223e-08,7.9973223e-08
Fine,0.5,0.05,n49,3,0.5005,8.1338937e-08,8.1338937e-08
Fine,0.5,0.05,n49,3,0.50109852,8.30013e-08,8.30013e-08
Fine,0.5,0.05,n49,3,0.50181497,8.5031261e-08,8.5031261e-08
Fine,0.5,0.05,n49,3,0.50267258,8.7519572e-08,8.7519572e-08
Fine,0.5,0.05,n49,3,0.50369918,9.0583507e-08,9.0583507e-08
Fine,0.5,0.05,n49,3,0.50492806,9.4376348e-08,9.4376348e-08
Fine,0.5,0.05,n49,3,0.50639907,9.9100953e-08,9.9100953e-08
Fine,0.5,0.05,n49,3,0.50815992,1.0502943e-07,1.0502943e-07
Fine,0.5,0.05,n49,3,0.51026773,1.1253209e-07,1.1253209e-07
Fine,0.5,0.05,n49,3,0.51279085,1.2212043e-07,1.2212043e-07
Fine,0.5,0.05,n49,3,0.51581112,1.3451183e-07,1.3451183e-07
Fine,0.5,0.05,n49,3,0.51942649,1.5072726e-07,1.5072726e-07
Fine,0.5,0.05,n49,3,0.52374888,1.7221058e-07,1.7221058e-07
Fine,0.5,0.05,n49,3,0.52874888,2.0008775e-07,2.0008775e-07
Fine,0.5,0.05,n49,3,0.53374888,2.3139333e-07,2.3139333e-07
Fine,0.5,0.05,n49,3,0.53874888,2.6627725e-07,2.6627725e-07
Fine,0.5,0.05,n49,3,0.54374888,3.0483637e-07,3.0483637e-07
Fine,0.5,0.05,n49,3,0.54874888,3.4710503e-07,3.4710503e-07
Fine,0.5,0.05,n49,3,0.55374888,3.9304751e-07,3.9304751e-07
Fine,0.5,0.05,n49,3,0.55874888,4.4255312e-07,4.4255312e-07
Fine,0.5,0.05,n49,3,0.56374888,4.9543459e-07,4.9543459e-07
Fine,0.5,0.05,n49,3,0.56874888,5.5143002e-07,5.5143002e-07
Fine,0.5,0.05,n49,3,0.57374888,6.1020882e-07,6.1020882e-07
Fine,0.5,0.05,n49,3,0.57874888,6.7138128e-07,6.7138128e-07
Fine,0.5,0.05,n49,3,0.58374888,7.3451142e-07,7.3451142e-07
Fine,0.5,0.05,n49,3,0.58874888,7.9913232e-07,7.9913232e-07
Fine,0.5,0.05,n49,3,0.59374888,8.6476275e-07,8.6476275e-07
Fine,0.5,0.05,n49,3,0.59874888,9.3092397e-07,9.3092397e-07
Fine,0.5,0.05,n49,3,0.60374888,9.971554e-07,9.971554e-07
Fine,0.5,0.05,n49,3,0.60874888,1.0630281e-06,1.0630281e-06
Fine,0.5,0.05,n49,3,0.61374888,1.1281554e-06,1.1281554e-06
Fine,0.5,0.05,n49,3,0.61874888,1.1922001e-06,1.1922001e-06
Fine,0.5,0.05,n49,3,0.62374888,1.2548783e-06,1.2548783e-06
Fine,0.5,0.05,n49,3,0.62874888,1.3159604e-06,1.3159604e-06
Fine,0.5,0.05,n49,3,0.63374888,1.3752686e-06,1.3752686e-06
Fine,0.5,0.05,n49,3,0.63874888,1.4326742e-06,1.4326742e-06
Fine,0.5,0.05,n49,3,0.64374888,1.4880915e-06,1.4880915e-06
Fine,0.5,0.05,n49,3,0.64874888,1.5414727e-06,1.5414727e-06
Fine,0.5,0.05,n49,3,0.65374888,1.5928018e-06,1.5928018e-06
Fine,0.5,0.05,n49,3,0.65874888,1.6420886e-06,1.6420886e-06
Fine,0.5,0.05,n49,3,0.66374888,1.6893639e-06,1.6893639e-06
Fine,0.5,0.05,n49,3,0.66874888,1.7346741e-06,1.7346741e-06
Fine,0.5,0.05,n49,3,0.67374888,1.7780778e-06,1.7780778e-06
Fine,0.5,0.05,n49,3,0.67874888,1.8196415e-06,1.8196415e-06
Fine,0.5,0.05,n49,3,0.68374888,1.8594378e-06,1.8594378e-06
Fine,0.5,0.05,n49,3,0.68874888,1.897542e-06,1.897542e-06
Fine,0.5,0.05,n49,3,0.69374888,1.934031e-06,1.934031e-06
Fine,0.5,0.05,n49,3,0.69874888,1.968982e-06,1.968982e-06
Fine,0.5,0.05,n49,3,0.70374888,2.0024707e-06,2.0024707e-06
Fine,0.5,0.05,n49,3,0.70874888,2.0345712e-06,2.0345712e-06
Fine,0.5,0.05,n49,3,0.71374888,2.0653552e-06,2.0653552e-06
Fine,0.5,0.05,n49,3,0.71874888,2.0948917e-06,2.0948917e-06
Fine,0.5,0.05,n49,3,0.72374888,2.1232464e-06,2.1232464e-06
Fine,0.5,0.05,n49,3,0.72874888,2.1504822e-06,2.1504822e-06
Fine,0.5,0.05,n49,3,0.73374888,2.1766587e-06,2.1766587e-06
Fine,0.5,0.05,n49,3,0.73874888,2.2018322e-06,2.2018322e-06
Fine,0.5,0.05,n49,3,0.74374888,2.2260561e-06,2.2260561e-06
Fine,0.5,0.05,n49,3,0.74874888,2.2493807e-06,2.2493807e-06
Fine,0.5,0.05,n49,3,0.75374888,2.2718529e-06,2.2718529e-06
Fine,0.5,0.05,n49,3,0.75874888,2.293518e-06,2.293518e-06
Fine,0.5,0.05,n49,3,0.76374888,2.3144177e-06,2.3144177e-06
Fine,0.5,0.05,n49,3,0.76874888,2.3345913e-06,2.3345913e-06
Fine,0.5,0.05,n49,3,0.77374888,2.3540758e-06,2.3540758e-06
Fine,0.5,0.05,n49,3,0.77874888,2.3729062e-06,2.3729062e-06
Fine,0.5,0.05,n49,3,0.78374888,2.3911151e-06,2.3911151e-06
Fine,0.5,0.05,n49,3,0.78874888,2.4087333e-06,2.4087333e-06
Fine,0.5,0.05,n49,3,0.79374888,2.4257897e-06,2.4257897e-06
Fine,0.5,0.05,n49,3,0.79874888,2.4423114e-06,2.4423114e-06
Fine,0.5,0.05,n49,3,0.80374888,2.4583241e-06,2.4583241e-06
Fine,0.5,0.05,n49,3,0.80874888,2.4738517e-06,2.4738517e-06
Fine,0.5,0.05,n49,3,0.81374888,2.488917e-06,2.488917e-06
Fine,0.5,0.05,n49,3,0.81874888,2.5035412e-06,2.5035412e-06
Fine,0.5,0.05,n49,3,0.82374888,2.5177443e-06,2.5177443e-06
Fine,0.5,0.05,n49,3,0.82874888,2.5315455e-06,2.5315455e-06
Fine,0.5,0.05,n49,3,0.83374888,2.5449624e-06,2.5449624e-06
Fine,0.5,0.05,n49,3,0.83874888,2.5580119e-06,2.5580119e-06
Fine,0.5,0.05,n49,3,0.84374888,2.57071e-06,2.57071e-06
Fine,0.5,0.05,n49,3,0.84874888,2.5830716e-06,2.5830716e-06
Fine,0.5,0.05,n49,3,0.85374888,2.595111e-06,2.595111e-06
Fine,0.5,0.05,n49,3,0.85874888,2.6068416e-06,2.6068416e-06
Fine,0.5,0.05,n49,3,0.86374888,2.618276e-06,2.618276e-06
Fine,0.5,0.05,n49,3,0.86874888,2.6294264e-06,2.6294264e-06
Fine,0.5,0.05,n49,3,0.87374888,2.640304e-06,2.640304e-06
Fine,0.5,0.05,n49,3,0.87874888,2.6509197e-06,2.6509197e-06
Fine,0.5,0.05,n49,3,0.88374888,2.6612837e-06,2.6612837e-06
Fine,0.5,0.05,n49,3,0.88874888,2.6714058e-06,2.6714058e-06
Fine,0.5,0.05,n49,3,0.89374888,2.6812951e-06,2.6812951e-06
Fine,0.5,0.05,n49,3,0.89874888,2.6909605e-06,2.6909605e-06
Fine,0.5,0.05,n49,3,0.90374888,2.7004102e-06,2.7004102e-06
Fine,0.5,0.05,n49,3,0.90874888,2.7096522e-06,2.7096522e-06
Fine,0.5,0.05,n49,3,0.91374888,2.7186939e-06,2.7186939e-06
Fine,0.5,0.05,n49,3,0.91874888,2.7275427e-06,2.7275427e-06
Fine,0.5,0.05,n49,3,0.92374888,2.7362052e-06,2.7362052e-06
Fine,0.5,0.05,n49,3,0.92874888,2.7446881e-06,2.7446881e-06
Fine,0.5,0.05,n49,3,0.93374888,2.7529974e-06,2.7529974e-06
Fine,0.5,0.05,n49,3,0.93874888,2.7611392e-06,2.7611392e-06
Fine,0.5,0.05,n49,3,0.94374888,2.7691191e-06,2.7691191e-06
Fine,0.5,0.05,n49,3,0.94874888,2.7769425e-06,2.7769425e-06
Fine,0.5,0.05,n49,3,0.95374888,2.7846145e-06,2.7846145e-06
Fine,0.5,0.05,n49,3,0.95874888,2.7921401e-06,2.7921401e-06
Fine,0.5,0.05,n49,3,0.96374888,2.799524e-06,2.799524e-06
Fine,0.5,0.05,n49,3,0.96874888,2.8067707e-06,2.8067707e-06
Fine,0.5,0.05,n49,3,0.97374888,2.8138844e-06,2.8138844e-06
Fine,0.5,0.05,n49,3,0.97874888,2.8208694e-06,2.8208694e-06
Fine,0.5,0.05,n49,3,0.98374888,2.8277296e-06,2.8277296e-06
Fine,0.5,0.05,n49,3,0.98874888,2.8344687e-06,2.8344687e-06
Fine,0.5,0.05,n49,3,0.99374888,2.8410905e-06,2.8410905e-06
Fine,0.5,0.05,n49,3,0.99874888,2.8475984e-06,2.8475984e-06
Fine,0.5,0.05,n49,3,1,2.8492082e-06,2.8492082e-06
Coarse,2.0,1.00,n52,1,0.00035,3.3458747e-15,3.3458747e-15
Coarse,2.0,1.00,n52,1,0.00076896296,3.3356927e-15,3.3356927e-15
Coarse,2.0,1.00,n52,1,0.0012704771,3.3239763e-15,3.3239763e-15
Coarse,2.0,1.00,n52,1,0.0018708082,3.3095732e-15,3.3095732e-15
Coarse,2.0,1.00,n52,1,0.0025876479,3.2937212e-15,3.2937212e-15
Coarse,2.0,1.00,n52,1,0.0034425457,3.2753211e-15,3.2753211e-15
Coarse,2.0,1.00,n52,1,0.0044620905,3.2543901e-15,3.2543901e-15
Coarse,2.0,1.00,n52,1,0.0056764815,3.229959e-15,3.229959e-15
Coarse,2.0,1.00,n52,1,0.0063997189,3.216744e-15,3.216744e-15
Coarse,2.0,1.00,n52,1,0.0072622464,3.2015212e-15,3.2015212e-15
Coarse,2.0,1.00,n52,1,0.0082896125,3.1843082e-15,3.1843082e-15
Coarse,2.0,1.00,n52,1,0.0095133197,3.1652152e-15,3.1652152e-15
Coarse,2.0,1.00,n52,1,0.01023576,3.1544228e-15,3.1544228e-15
Coarse,2.0,1.00,n52,1,0.011095197,3.1424567e-15,3.1424567e-15
Coarse,2.0,1.00,n52,1,0.012118881,3.1294114e-15,3.1294114e-15
Coarse,2.0,1.00,n52,1,0.013338203,3.1156097e-15,3.1156097e-15
Coarse,2.0,1.00,n52,1,0.014024636,3.1088453e-15,3.1088453e-15
Coarse,2.0,1.00,n52,1,0.014842254,3.1012046e-15,3.1012046e-15
Coarse,2.0,1.00,n52,1,0.01581734,3.0934696e-15,3.0934696e-15
Coarse,2.0,1.00,n52,1,0.01697733,3.0856122e-15,3.0856122e-15
Coarse,2.0,1.00,n52,1,0.017644109,3.0821505e-15,3.0821505e-15
Coarse,2.0,1.00,n52,1,0.018440294,3.0787032e-15,3.0787032e-15
Coarse,2.0,1.00,n52,1,0.019390997,3.076155e-15,3.076155e-15
Coarse,2.0,1.00,n52,1,0.020521981,3.0751366e-15,3.0751366e-15
Coarse,2.0,1.00,n52,1,0.021151144,3.0752794e-15,3.0752794e-15
Coarse,2.0,1.00,n52,1,0.021904274,3.0761444e-15,3.0761444e-15
Coarse,2.0,1.00,n52,1,0.022803568,3.0788114e-15,3.0788114e-15
Coarse,2.0,1.00,n52,1,0.023874727,3.0837905e-15,3.0837905e-15
Coarse,2.0,1.00,n52,1,0.024484098,3.0874771e-15,3.0874771e-15
Coarse,2.0,1.00,n52,1,0.025213537,3.0928268e-15,3.0928268e-15
Coarse,2.0,1.00,n52,1,0.026084541,3.1004215e-15,3.1004215e-15
Coarse,2.0,1.00,n52,1,0.027124584,3.1111576e-15,3.1111576e-15
Coarse,2.0,1.00,n52,1,0.027744758,3.1188279e-15,3.1188279e-15
Coarse,2.0,1.00,n52,1,0.02848713,3.1291259e-15,3.1291259e-15
Coarse,2.0,1.00,n52,1,0.029373576,3.1429402e-15,3.1429402e-15
Coarse,2.0,1.00,n52,1,0.030430746,3.1611864e-15,3.1611864e-15
Coarse,2.0,1.00,n52,1,0.031061915,3.1737181e-15,3.1737181e-15
Coarse,2.0,1.00,n52,1,0.031817448,3.1900943e-15,3.1900943e-15
Coarse,2.0,1.00,n52,1,0.03271961,3.2114381e-15,3.2114381e-15
Coarse,2.0,1.00,n52,1,0.033795522,3.2397278e-15,3.2397278e-15
Coarse,2.0,1.00,n52,1,0.035078647,3.2765627e-15,3.2765627e-15
Coarse,2.0,1.00,n52,1,0.036606992,3.326929e-15,3.326929e-15
Coarse,2.0,1.00,n52,1,0.038167035,3.3859444e-15,3.3859444e-15
Coarse,2.0,1.00,n52,1,0.039782546,3.4548398e-15,3.4548398e-15
Coarse,2.0,1.00,n52,1,0.041481825,3.5368777e-15,3.5368777e-15
Coarse,2.0,1.00,n52,1,0.043332151,3.6387107e-15,3.6387107e-15
Coarse,2.0,1.00,n52,1,0.045396292,3.7687267e-15,3.7687267e-15
Coarse,2.0,1.00,n52,1,0.047747884,3.9386478e-15,3.9386478e-15
Coarse,2.0,1.00,n52,1,0.050461795,4.1672804e-15,4.1672804e-15
Coarse,2.0,1.00,n52,1,0.053638077,4.4848543e-15,4.4848543e-15
Coarse,2.0,1.00,n52,1,0.057383736,4.9373236e-15,4.9373236e-15
Coarse,2.0,1.00,n52,1,0.061834134,5.6014435e-15,5.6014435e-15
Coarse,2.0,1.00,n52,1,0.06712846,6.6047422e-15,6.6047422e-15
Coarse,2.0,1.00,n52,1,0.07343459,8.1680919e-15,8.1680919e-15
Coarse,2.0,1.00,n52,1,0.08043459,1.0490892e-14,1.0490892e-14
Coarse,2.0,1.00,n52,1,0.08743459,1.3602315e-14,1.3602315e-14
Coarse,2.0,1.00,n52,1,0.09443459,1.7729993e-14,1.7729993e-14
Coarse,2.0,1.00,n52,1,0.10143459,2.3172605e-14,2.3172605e-14
Coarse,2.0,1.00,n52,1,0.10843459,3.0323733e-14,3.0323733e-14
Coarse,2.0,1.00,n52,1,0.11543459,3.9702126e-14,3.9702126e-14
Coarse,2.0,1.00,n52,1,0.12243459,5.1989897e-14,5.1989897e-14
Coarse,2.0,1.00,n52,1,0.12943459,6.8082441e-14,6.8082441e-14
Coarse,2.0,1.00,n52,1,0.13643459,8.9153671e-14,8.9153671e-14
Coarse,2.0,1.00,n52,1,0.14343459,1.167413e-13,1.167413e-13
Coarse,2.0,1.00,n52,1,0.15043459,1.5285898e-13,1.5285898e-13
Coarse,2.0,1.00,n52,1,0.15743459,2.001431e-13,2.001431e-13
Coarse,2.0,1.00,n52,1,0.16443459,2.6204479e-13,2.6204479e-13
Coarse,2.0,1.00,n52,1,0.17143459,3.4308167e-13,3.4308167e-13
Coarse,2.0,1.00,n52,1,0.17843459,4.4916677e-13,4.4916677e-13
Coarse,2.0,1.00,n52,1,0.18543459,5.880395e-13,5.880395e-13
Coarse,2.0,1.00,n52,1,0.19243459,7.6982943e-13,7.6982943e-13
Coarse,2.0,1.00,n52,1,0.19943459,1.0077938e-12,1.0077938e-12
Coarse,2.0,1.00,n52,1,0.20643459,1.3192829e-12,1.3192829e-12
Coarse,2.0,1.00,n52,1,0.21343459,1.7270026e-12,1.7270026e-12
Coarse,2.0,1.00,n52,1,0.22043459,2.2606663e-12,2.2606663e-12
Coarse,2.0,1.00,n52,1,0.22743459,2.959156e-12,2.959156e-12
Coarse,2.0,1.00,n52,1,0.23443459,3.8733492e-12,3.8733492e-12
Coarse,2.0,1.00,n52,1,0.24143459,5.0698162e-12,5.0698162e-12
Coarse,2.0,1.00,n52,1,0.24843459,6.6356555e-12,6.6356555e-12
Coarse,2.0,1.00,n52,1,0.25543459,8.6848183e-12,8.6848183e-12
Coarse,2.0,1.00,n52,1,0.26243459,1.1366377e-11,1.1366377e-11
Coarse,2.0,1.00,n52,1,0.26943459,1.4875337e-11,1.4875337e-11
Coarse,2.0,1.00,n52,1,0.27643459,1.9466772e-11,1.9466772e-11
Coarse,2.0,1.00,n52,1,0.28343459,2.5474297e-11,2.5474297e-11
Coarse,2.0,1.00,n52,1,0.29043459,3.3334217e-11,3.3334217e-11
Coarse,2.0,1.00,n52,1,0.29743459,4.3617076e-11,4.3617076e-11
Coarse,2.0,1.00,n52,1,0.30443459,5.7068876e-11,5.7068876e-11
Coarse,2.0,1.00,n52,1,0.31143459,7.4664907e-11,7.4664907e-11
Coarse,2.0,1.00,n52,1,0.31843459,9.7680045e-11,9.7680045e-11
Coarse,2.0,1.00,n52,1,0.32543459,1.2778049e-10,1.2778049e-10
Coarse,2.0,1.00,n52,1,0.33243459,1.671435e-10,1.671435e-10
Coarse,2.0,1.00,n52,1,0.33943459,2.1861344e-10,2.1861344e-10
Coarse,2.0,1.00,n52,1,0.34643459,2.8590533e-10,2.8590533e-10
Coarse,2.0,1.00,n52,1,0.35,3.2776771e-10,3.2776771e-10
Coarse,2.0,1.00,n52,2,0.350015,3.2795617e-10,3.2795617e-10
Coarse,2.0,1.00,n52,2,0.35003149,3.281635e-10,3.281635e-10
Coarse,2.0,1.00,n52,2,0.35004962,3.2839159e-10,3.2839159e-10
Coarse,2.0,1.00,n52,2,0.35006956,3.2864255e-10,3.2864255e-10
Coarse,2.0,1.00,n52,2,0.35009148,3.2891869e-10,3.2891869e-10
Coarse,2.0,1.00,n52,2,0.35011557,3.2922255e-10,3.2922255e-10
Coarse,2.0,1.00,n52,2,0.35014206,3.2955696e-10,3.2955696e-10
Coarse,2.0,1.00,n52,2,0.35017119,3.2992501e-10,3.2992501e-10
Coarse,2.0,1.00,n52,2,0.35020322,3.3033013e-10,3.3033013e-10
Coarse,2.0,1.00,n52,2,0.35023843,3.3077612e-10,3.3077612e-10
Coarse,2.0,1.00,n52,2,0.35027714,3.3126715e-10,3.3126715e-10
Coarse,2.0,1.00,n52,2,0.3503197,3.3180785e-10,3.3180785e-10
Coarse,2.0,1.00,n52,2,0.35036649,3.3240334e-10,3.3240334e-10
Coarse,2.0,1.00,n52,2,0.35041793,3.3305928e-10,3.3305928e-10
Coarse,2.0,1.00,n52,2,0.35047449,3.3378194e-10,3.3378194e-10
Coarse,2.0,1.00,n52,2,0.35053668,3.3457827e-10,3.3457827e-10
Coarse,2.0,1.00,n52,2,0.35060505,3.3545598e-10,3.3545598e-10
Coarse,2.0,1.00,n52,2,0.35068022,3.3642362e-10,3.3642362e-10
Coarse,2.0,1.00,n52,2,0.35076286,3.3749071e-10,3.3749071e-10
Coarse,2.0,1.00,n52,2,0.35085372,3.3866782e-10,3.3866782e-10
Coarse,2.0,1.00,n52,2,0.35095362,3.3996671e-10,3.3996671e-10
Coarse,2.0,1.00,n52,2,0.35106345,3.4140051e-10,3.4140051e-10
Coarse,2.0,1.00,n52,2,0.35118421,3.4298387e-10,3.4298387e-10
Coarse,2.0,1.00,n52,2,0.35131697,3.4473314e-10,3.4473314e-10
Coarse,2.0,1.00,n52,2,0.35146294,3.4666665e-10,3.4666665e-10
Coarse,2.0,1.00,n52,2,0.35162342,3.4880493e-10,3.4880493e-10
Coarse,2.0,1.00,n52,2,0.35179986,3.5117106e-10,3.5117106e-10
Coarse,2.0,1.00,n52,2,0.35199384,3.5379098e-10,3.5379098e-10
Coarse,2.0,1.00,n52,2,0.35220712,3.5669396e-10,3.5669396e-10
Coarse,2.0,1.00,n52,2,0.35244161,3.5991307e-10,3.5991307e-10
Coarse,2.0,1.00,n52,2,0.35269941,3.634858e-10,3.634858e-10
Coarse,2.0,1.00,n52,2,0.35298285,3.6745468e-10,3.6745468e-10
Coarse,2.0,1.00,n52,2,0.35329448,3.718682e-10,3.718682e-10
Coarse,2.0,1.00,n52,2,0.3536371,3.7678171e-10,3.7678171e-10
Coarse,2.0,1.00,n52,2,0.35401379,3.8225867e-10,3.8225867e-10
Coarse,2.0,1.00,n52,2,0.35442773,3.8836894e-10,3.8836894e-10
Coarse,2.0,1.00,n52,2,0.3548826,3.9519594e-10,3.9519594e-10
Coarse,2.0,1.00,n52,2,0.35538246,4.0283629e-10,4.0283629e-10
Coarse,2.0,1.00,n52,2,0.35593174,4.1140232e-10,4.1140232e-10
Coarse,2.0,1.00,n52,2,0.35653534,4.2102526e-10,4.2102526e-10
Coarse,2.0,1.00,n52,2,0.35719864,4.3185909e-10,4.3185909e-10
Coarse,2.0,1.00,n52,2,0.35792752,4.4408541e-10,4.4408541e-10
Coarse,2.0,1.00,n52,2,0.35867752,4.5702663e-10,4.5702663e-10
Coarse,2.0,1.00,n52,2,0.35942752,4.7034424e-10,4.7034424e-10
Coarse,2.0,1.00,n52,2,0.36017752,4.8404915e-10,4.8404915e-10
Coarse,2.0,1.00,n52,2,0.36092752,4.9815259e-10,4.9815259e-10
Coarse,2.0,1.00,n52,2,0.36167752,5.1266612e-10,5.1266612e-10
Coarse,2.0,1.00,n52,2,0.36242752,5.2760162e-10,5.2760162e-10
Coarse,2.0,1.00,n52,2,0.36317752,5.4297131e-10,5.4297131e-10
Coarse,2.0,1.00,n52,2,0.36392752,5.5878779e-10,5.5878779e-10
Coarse,2.0,1.00,n52,2,0.36467752,5.75064e-10,5.75064e-10
Coarse,2.0,1.00,n52,2,0.36542752,5.9181325e-10,5.9181325e-10
Coarse,2.0,1.00,n52,2,0.36617752,6.0904925e-10,6.0904925e-10
Coarse,2.0,1.00,n52,2,0.36692752,6.2678608e-10,6.2678608e-10
Coarse,2.0,1.00,n52,2,0.36767752,6.4503826e-10,6.4503826e-10
Coarse,2.0,1.00,n52,2,0.36842752,6.6382071e-10,6.6382071e-10
Coarse,2.0,1.00,n52,2,0.36917752,6.8314876e-10,6.8314876e-10
Coarse,2.0,1.00,n52,2,0.36992752,7.0303821e-10,7.0303821e-10
Coarse,2.0,1.00,n52,2,0.37067752,7.2350531e-10,7.2350531e-10
Coarse,2.0,1.00,n52,2,0.37142752,7.4456677e-10,7.4456677e-10
Coarse,2.0,1.00,n52,2,0.37217752,7.6623977e-10,7.6623977e-10
Coarse,2.0,1.00,n52,2,0.37292752,7.88542e-10,7.88542e-10
Coarse,2.0,1.00,n52,2,0.37367752,8.1149166e-10,8.1149166e-10
Coarse,2.0,1.00,n52,2,0.37442752,8.3510747e-10,8.3510747e-10
Coarse,2.0,1.00,n52,2,0.37517752,8.5940867e-10,8.5940867e-10
Coarse,2.0,1.00,n52,2,0.37592752,8.8441507e-10,8.8441507e-10
Coarse,2.0,1.00,n52,2,0.37667752,9.1014704e-10,9.1014704e-10
Coarse,2.0,1.00,n52,2,0.37742752,9.3662555e-10,9.3662555e-10
Coarse,2.0,1.00,n52,2,0.37817752,9.6387214e-10,9.6387214e-10
Coarse,2.0,1.00,n52,2,0.37892752,9.9190901e-10,9.9190901e-10
Coarse,2.0,1.00,n52,2,0.37967752,1.020759e-09,1.020759e-09
Coarse,2.0,1.00,n52,2,0.38042752,1.0504454e-09,1.0504454e-09
Coarse,2.0,1.00,n52,2,0.38117752,1.0809926e-09,1.0809926e-09
Coarse,2.0,1.00,n52,2,0.38192752,1.1124253e-09,1.1124253e-09
Coarse,2.0,1.00,n52,2,0.38267752,1.144769e-09,1.144769e-09
Coarse,2.0,1.00,n52,2,0.38342752,1.17805e-09,1.17805e-09
Coarse,2.0,1.00,n52,2,0.38417752,1.2122954e-09,1.2122954e-09
Coarse,2.0,1.00,n52,2,0.38492752,1.2475328e-09,1.2475328e-09
Coarse,2.0,1.00,n52,2,0.38567752,1.283791e-09,1.283791e-09
Coarse,2.0,1.00,n52,2,0.38642752,1.3210993e-09,1.3210993e-09
Coarse,2.0,1.00,n52,2,0.38717752,1.3594878e-09,1.3594878e-09
Coarse,2.0,1.00,n52,2,0.38792752,1.3989878e-09,1.3989878e-09
Coarse,2.0,1.00,n52,2,0.38867752,1.4396313e-09,1.4396313e-09
Coarse,2.0,1.00,n52,2,0.38942752,1.481451e-09,1.481451e-09
Coarse,2.0,1.00,n52,2,0.39017752,1.5244808e-09,1.5244808e-09
Coarse,2.0,1.00,n52,2,0.39092752,1.5687556e-09,1.5687556e-09
Coarse,2.0,1.00,n52,2,0.39167752,1.614311e-09,1.614311e-09
Coarse,2.0,1.00,n52,2,0.39242752,1.661184e-09,1.661184e-09
Coarse,2.0,1.00,n52,2,0.39317752,1.7094123e-09,1.7094123e-09
Coarse,2.0,1.00,n52,2,0.39392752,1.7590349e-09,1.7590349e-09
Coarse,2.0,1.00,n52,2,0.39467752,1.8100917e-09,1.8100917e-09
Coarse,2.0,1.00,n52,2,0.39542752,1.862624e-09,1.862624e-09
Coarse,2.0,1.00,n52,2,0.39617752,1.916674e-09,1.916674e-09
Coarse,2.0,1.00,n52,2,0.39692752,1.9722853e-09,1.9722853e-09
Coarse,2.0,1.00,n52,2,0.39767752,2.0295026e-09,2.0295026e-09
Coarse,2.0,1.00,n52,2,0.39842752,2.0883719e-09,2.0883719e-09
Coarse,2.0,1.00,n52,2,0.39917752,2.1489405e-09,2.1489405e-09
Coarse,2.0,1.00,n52,2,0.39992752,2.2112571e-09,2.2112571e-09
Coarse,2.0,1.00,n52,2,0.40067752,2.2753717e-09,2.2753717e-09
Coarse,2.0,1.00,n52,2,0.40142752,2.3413357e-09,2.3413357e-09
Coarse,2.0,1.00,n52,2,0.40217752,2.4092021e-09,2.4092021e-09
Coarse,2.0,1.00,n52,2,0.40292752,2.4790251e-09,2.4790251e-09
Coarse,2.0,1.00,n52,2,0.40367752,2.5508606e-09,2.5508606e-09
Coarse,2.0,1.00,n52,2,0.40442752,2.6247662e-09,2.6247662e-09
Coarse,2.0,1.00,n52,2,0.40517752,2.7008008e-09,2.7008008e-09
Coarse,2.0,1.00,n52,2,0.40592752,2.7790253e-09,2.7790253e-09
Coarse,2.0,1.00,n52,2,0.40667752,2.859502e-09,2.859502e-09
Coarse,2.0,1.00,n52,2,0.40742752,2.9422951e-09,2.9422951e-09
Coarse,2.0,1.00,n52,2,0.40817752,3.0274707e-09,3.0274707e-09
Coarse,2.0,1.00,n52,2,0.40892752,3.1150964e-09,3.1150964e-09
Coarse,2.0,1.00,n52,2,0.40967752,3.2052421e-09,3.2052421e-09
Coarse,2.0,1.00,n52,2,0.41042752,3.2979793e-09,3.2979793e-09
Coarse,2.0,1.00,n52,2,0.41117752,3.3933818e-09,3.3933818e-09
Coarse,2.0,1.00,n52,2,0.41192752,3.4915251e-09,3.4915251e-09
Coarse,2.0,1.00,n52,2,0.41267752,3.5924872e-09,3.5924872e-09
Coarse,2.0,1.00,n52,2,0.41342752,3.6963479e-09,3.6963479e-09
Coarse,2.0,1.00,n52,2,0.41417752,3.8031894e-09,3.8031894e-09
Coarse,2.0,1.00,n52,2,0.41492752,3.9130963e-09,3.9130963e-09
Coarse,2.0,1.00,n52,2,0.41567752,4.0261551e-09,4.0261551e-09
Coarse,2.0,1.00,n52,2,0.41642752,4.1424553e-09,4.1424553e-09
Coarse,2.0,1.00,n52,2,0.41717752,4.2620882e-09,4.2620882e-09
Coarse,2.0,1.00,n52,2,0.41792752,4.3851482e-09,4.3851482e-09
Coarse,2.0,1.00,n52,2,0.41867752,4.511732e-09,4.511732e-09
Coarse,2.0,1.00,n52,2,0.41942752,4.641939e-09,4.641939e-09
Coarse,2.0,1.00,n52,2,0.42017752,4.7758713e-09,4.7758713e-09
Coarse,2.0,1.00,n52,2,0.42092752,4.9136339e-09,4.9136339e-09
Coarse,2.0,1.00,n52,2,0.42167752,5.0553345e-09,5.0553345e-09
Coarse,2.0,1.00,n52,2,0.42242752,5.2010839e-09,5.2010839e-09
Coarse,2.0,1.00,n52,2,0.42317752,5.3509958e-09,5.3509958e-09
Coarse,2.0,1.00,n52,2,0.42392752,5.5051872e-09,5.5051872e-09
Coarse,2.0,1.00,n52,2,0.42467752,5.663778e-09,5.663778e-09
Coarse,2.0,1.00,n52,2,0.42542752,5.8268915e-09,5.8268915e-09
Coarse,2.0,1.00,n52,2,0.42617752,5.9946544e-09,5.9946544e-09
Coarse,2.0,1.00,n52,2,0.42692752,6.1671967e-09,6.1671967e-09
Coarse,2.0,1.00,n52,2,0.42767752,6.344652e-09,6.344652e-09
Coarse,2.0,1.00,n52,2,0.42842752,6.5271574e-09,6.5271574e-09
Coarse,2.0,1.00,n52,2,0.42917752,6.7148537e-09,6.7148537e-09
Coarse,2.0,1.00,n52,2,0.42992752,6.9078855e-09,6.9078855e-09
Coarse,2.0,1.00,n52,2,0.43067752,7.1064014e-09,7.1064014e-09
Coarse,2.0,1.00,n52,2,0.43142752,7.3105537e-09,7.3105537e-09
Coarse,2.0,1.00,n52,2,0.43217752,7.520499e-09,7.520499e-09
Coarse,2.0,1.00,n52,2,0.43292752,7.736398e-09,7.736398e-09
Coarse,2.0,1.00,n52,2,0.43367752,7.9584155e-09,7.9584155e-09
Coarse,2.0,1.00,n52,2,0.43442752,8.1867209e-09,8.1867209e-09
Coarse,2.0,1.00,n52,2,0.43517752,8.4214879e-09,8.4214879e-09
Coarse,2.0,1.00,n52,2,0.43592752,8.6628948e-09,8.6628948e-09
Coarse,2.0,1.00,n52,2,0.43667752,8.9111247e-09,8.9111247e-09
Coarse,2.0,1.00,n52,2,0.43742752,9.1663654e-09,9.1663654e-09
Coarse,2.0,1.00,n52,2,0.43817752,9.4288095e-09,9.4288095e-09
Coarse,2.0,1.00,n52,2,0.43892752,9.6986548e-09,9.6986548e-09
Coarse,2.0,1.00,n52,2,0.43967752,9.9761042e-09,9.9761042e-09
Coarse,2.0,1.00,n52,2,0.44042752,1.0261366e-08,1.0261366e-08
Coarse,2.0,1.00,n52,2,0.44117752,1.0554653e-08,1.0554653e-08
Coarse,2.0,1.00,n52,2,0.44192752,1.0856185e-08,1.0856185e-08
Coarse,2.0,1.00,n52,2,0.44267752,1.1166186e-08,1.1166186e-08
Coarse,2.0,1.00,n52,2,0.44342752,1.1484887e-08,1.1484887e-08
Coarse,2.0,1.00,n52,2,0.44417752,1.1812524e-08,1.1812524e-08
Coarse,2.0,1.00,n52,2,0.44492752,1.2149339e-08,1.2149339e-08
Coarse,2.0,1.00,n52,2,0.44567752,1.249558e-08,1.249558e-08
Coarse,2.0,1.00,n52,2,0.44642752,1.2851502e-08,1.2851502e-08
Coarse,2.0,1.00,n52,2,0.44717752,1.3217367e-08,1.3217367e-08
Coarse,2.0,1.00,n52,2,0.44792752,1.3593441e-08,1.3593441e-08
Coarse,2.0,1.00,n52,2,0.44867752,1.3979998e-08,1.3979998e-08
Coarse,2.0,1.00,n52,2,0.44942752,1.4377321e-08,1.4377321e-08
Coarse,2.0,1.00,n52,2,0.45017752,1.4785696e-08,1.4785696e-08
Coarse,2.0,1.00,n52,2,0.45092752,1.5205419e-08,1.5205419e-08
Coarse,2.0,1.00,n52,2,0.45167752,1.5636793e-08,1.5636793e-08
Coarse,2.0,1.00,n52,2,0.45242752,1.6080126e-08,1.6080126e-08
Coarse,2.0,1.00,n52,2,0.45317752,1.6535736e-08,1.6535736e-08
Coarse,2.0,1.00,n52,2,0.45392752,1.7003947e-08,1.7003947e-08
Coarse,2.0,1.00,n52,2,0.45467752,1.7485093e-08,1.7485093e-08
Coarse,2.0,1.00,n52,2,0.45542752,1.7979514e-08,1.7979514e-08
Coarse,2.0,1.00,n52,2,0.45617752,1.8487559e-08,1.8487559e-08
Coarse,2.0,1.00,n52,2,0.45692752,1.9009585e-08,1.9009585e-08
Coarse,2.0,1.00,n52,2,0.45767752,1.9545956e-08,1.9545956e-08
Coarse,2.0,1.00,n52,2,0.45842752,2.0097047e-08,2.0097047e-08
Coarse,2.0,1.00,n52,2,0.45917752,2.0663241e-08,2.0663241e-08
Coarse,2.0,1.00,n52,2,0.45992752,2.1244929e-08,2.1244929e-08
Coarse,2.0,1.00,n52,2,0.46067752,2.1842511e-08,2.1842511e-08
Coarse,2.0,1.00,n52,2,0.46142752,2.2456398e-08,2.2456398e-08
Coarse,2.0,1.00,n52,2,0.46217752,2.3087007e-08,2.3087007e-08
Coarse,2.0,1.00,n52,2,0.46292752,2.3734767e-08,2.3734767e-08
Coarse,2.0,1.00,n52,2,0.46367752,2.4400116e-08,2.4400116e-08
Coarse,2.0,1.00,n52,2,0.46442752,2.5083502e-08,2.5083502e-08
Coarse,2.0,1.00,n52,2,0.46517752,2.5785383e-08,2.5785383e-08
Coarse,2.0,1.00,n52,2,0.46592752,2.6506225e-08,2.6506225e-08
Coarse,2.0,1.00,n52,2,0.46667752,2.7246506e-08,2.7246506e-08
Coarse,2.0,1.00,n52,2,0.46742752,2.8006714e-08,2.8006714e-08
Coarse,2.0,1.00,n52,2,0.46817752,2.8787348e-08,2.8787348e-08
Coarse,2.0,1.00,n52,2,0.46892752,2.9588917e-08,2.9588917e-08
Coarse,2.0,1.00,n52,2,0.46967752,3.041194e-08,3.041194e-08
Coarse,2.0,1.00,n52,2,0.47042752,3.1256946e-08,3.1256946e-08
Coarse,2.0,1.00,n52,2,0.47117752,3.2124479e-08,3.2124479e-08
Coarse,2.0,1.00,n52,2,0.47192752,3.301509e-08,3.301509e-08
Coarse,2.0,1.00,n52,2,0.47267752,3.3929342e-08,3.3929342e-08
Coarse,2.0,1.00,n52,2,0.47342752,3.486781e-08,3.486781e-08
Coarse,2.0,1.00,n52,2,0.47417752,3.5831081e-08,3.5831081e-08
Coarse,2.0,1.00,n52,2,0.47492752,3.6819751e-08,3.6819751e-08
Coarse,2.0,1.00,n52,2,0.47567752,3.7834431e-08,3.7834431e-08
Coarse,2.0,1.00,n52,2,0.47642752,3.887574e-08,3.887574e-08
Coarse,2.0,1.00,n52,2,0.47717752,3.9944311e-08,3.9944311e-08
Coarse,2.0,1.00,n52,2,0.47792752,4.1040788e-08,4.1040788e-08
Coarse,2.0,1.00,n52,2,0.47867752,4.2165828e-08,4.2165828e-08
Coarse,2.0,1.00,n52,2,0.47942752,4.3320098e-08,4.3320098e-08
Coarse,2.0,1.00,n52,2,0.48017752,4.4504278e-08,4.4504278e-08
Coarse,2.0,1.00,n52,2,0.48092752,4.5719061e-08,4.5719061e-08
Coarse,2.0,1.00,n52,2,0.48167752,4.6965149e-08,4.6965149e-08
Coarse,2.0,1.00,n52,2,0.48242752,4.8243259e-08,4.8243259e-08
Coarse,2.0,1.00,n52,2,0.48317752,4.955412e-08,4.955412e-08
Coarse,2.0,1.00,n52,2,0.48392752,5.089847e-08,5.089847e-08
Coarse,2.0,1.00,n52,2,0.48467752,5.2277062e-08,5.2277062e-08
Coarse,2.0,1.00,n52,2,0.48542752,5.3690661e-08,5.3690661e-08
Coarse,2.0,1.00,n52,2,0.48617752,5.5140043e-08,5.5140043e-08
Coarse,2.0,1.00,n52,2,0.48692752,5.6625994e-08,5.6625994e-08
Coarse,2.0,1.00,n52,2,0.48767752,5.8149317e-08,5.8149317e-08
Coarse,2.0,1.00,n52,2,0.48842752,5.9710821e-08,5.9710821e-08
Coarse,2.0,1.00,n52,2,0.48917752,6.1311331e-08,6.1311331e-08
Coarse,2.0,1.00,n52,2,0.48992752,6.2951682e-08,6.2951682e-08
Coarse,2.0,1.00,n52,2,0.49067752,6.4632721e-08,6.4632721e-08
Coarse,2.0,1.00,n52,2,0.49142752,6.6355306e-08,6.6355306e-08
Coarse,2.0,1.00,n52,2,0.49217752,6.8120305e-08,6.8120305e-08
Coarse,2.0,1.00,n52,2,0.49292752,6.9928601e-08,6.9928601e-08
Coarse,2.0,1.00,n52,2,0.49367752,7.1781083e-08,7.1781083e-08
Coarse,2.0,1.00,n52,2,0.49442752,7.3678655e-08,7.3678655e-08
Coarse,2.0,1.00,n52,2,0.49517752,7.5622228e-08,7.5622228e-08
Coarse,2.0,1.00,n52,2,0.49592752,7.7612727e-08,7.7612727e-08
Coarse,2.0,1.00,n52,2,0.49667752,7.9651085e-08,7.9651085e-08
Coarse,2.0,1.00,n52,2,0.49742752,8.1738244e-08,8.1738244e-08
Coarse,2.0,1.00,n52,2,0.49817752,8.3875157e-08,8.3875157e-08
Coarse,2.0,1.00,n52,2,0.49892752,8.6062787e-08,8.6062787e-08
Coarse,2.0,1.00,n52,2,0.49967752,8.8302104e-08,8.8302104e-08
Coarse,2.0,1.00,n52,2,0.5,8.9281073e-08,8.9281073e-08
Coarse,2.0,1.00,n52,3,0.5005,9.0818401e-08,9.0818401e-08
Coarse,2.0,1.00,n52,3,0.50109852,9.269008e-08,9.269008e-08
Coarse,2.0,1.00,n52,3,0.50181497,9.4976271e-08,9.4976271e-08
Coarse,2.0,1.00,n52,3,0.50267258,9.7779604e-08,9.7779604e-08
Coarse,2.0,1.00,n52,3,0.50369918,1.0123285e-07,1.0123285e-07
Coarse,2.0,1.00,n52,3,0.50492806,1.0550978e-07,1.0550978e-07
Coarse,2.0,1.00,n52,3,0.50639907,1.1084071e-07,1.1084071e-07
Coarse,2.0,1.00,n52,3,0.50815992,1.1753523e-07,1.1753523e-07
Coarse,2.0,1.00,n52,3,0.51026773,1.2601562e-07,1.2601562e-07
Coarse,2.0,1.00,n52,3,0.51279085,1.3686707e-07,1.3686707e-07
Coarse,2.0,1.00,n52,3,0.51581112,1.509136e-07,1.509136e-07
Coarse,2.0,1.00,n52,3,0.51942202,1.6931048e-07,1.6931048e-07
Coarse,2.0,1.00,n52,3,0.52373905,1.9375191e-07,1.9375191e-07
Coarse,2.0,1.00,n52,3,0.52873905,2.2563184e-07,2.2563184e-07
Coarse,2.0,1.00,n52,3,0.53373905,2.6161517e-07,2.6161517e-07
Coarse,2.0,1.00,n52,3,0.53873905,3.0195776e-07,3.0195776e-07
Coarse,2.0,1.00,n52,3,0.54373905,3.4688014e-07,3.4688014e-07
Coarse,2.0,1.00,n52,3,0.54873905,3.9656063e-07,3.9656063e-07
Coarse,2.0,1.00,n52,3,0.55373905,4.5112997e-07,4.5112997e-07
Coarse,2.0,1.00,n52,3,0.55873905,5.1066753e-07,5.1066753e-07
Coarse,2.0,1.00,n52,3,0.56373905,5.7519908e-07,5.7519908e-07
Coarse,2.0,1.00,n52,3,0.56873905,6.4469603e-07,6.4469603e-07
Coarse,2.0,1.00,n52,3,0.57373905,7.1907595e-07,7.1907595e-07
Coarse,2.0,1.00,n52,3,0.57873905,7.9820396e-07,7.9820396e-07
Coarse,2.0,1.00,n52,3,0.58373905,8.8189482e-07,8.8189482e-07
Coarse,2.0,1.00,n52,3,0.58873905,9.6991544e-07,9.6991544e-07
Coarse,2.0,1.00,n52,3,0.59373905,1.0619875e-06,1.0619875e-06
Coarse,2.0,1.00,n52,3,0.59873905,1.1577903e-06,1.1577903e-06
Coarse,2.0,1.00,n52,3,0.60373905,1.2569629e-06,1.2569629e-06
Coarse,2.0,1.00,n52,3,0.60873905,1.3591075e-06,1.3591075e-06
Coarse,2.0,1.00,n52,3,0.61373905,1.4637913e-06,1.4637913e-06
Coarse,2.0,1.00,n52,3,0.61873905,1.5705503e-06,1.5705503e-06
Coarse,2.0,1.00,n52,3,0.62373905,1.6788926e-06,1.6788926e-06
Coarse,2.0,1.00,n52,3,0.62873905,1.7883043e-06,1.7883043e-06
Coarse,2.0,1.00,n52,3,0.63373905,1.8982574e-06,1.8982574e-06
Coarse,2.0,1.00,n52,3,0.63873905,2.0082213e-06,2.0082213e-06
Coarse,2.0,1.00,n52,3,0.64373905,2.1176798e-06,2.1176798e-06
Coarse,2.0,1.00,n52,3,0.64873905,2.2261544e-06,2.2261544e-06
Coarse,2.0,1.00,n52,3,0.65373905,2.3332338e-06,2.3332338e-06
Coarse,2.0,1.00,n52,3,0.65873905,2.4386087e-06,2.4386087e-06
Coarse,2.0,1.00,n52,3,0.66373905,2.5421045e-06,2.5421045e-06
Coarse,2.0,1.00,n52,3,0.66873905,2.6437036e-06,2.6437036e-06
Coarse,2.0,1.00,n52,3,0.67373905,2.7435433e-06,2.7435433e-06
Coarse,2.0,1.00,n52,3,0.67873905,2.841884e-06,2.841884e-06
Coarse,2.0,1.00,n52,3,0.68373905,2.9390518e-06,2.9390518e-06
Coarse,2.0,1.00,n52,3,0.68873905,3.0353727e-06,3.0353727e-06
Coarse,2.0,1.00,n52,3,0.69373905,3.1311197e-06,3.1311197e-06
Coarse,2.0,1.00,n52,3,0.69873905,3.2264847e-06,3.2264847e-06
Coarse,2.0,1.00,n52,3,0.70373905,3.3215759e-06,3.3215759e-06
Coarse,2.0,1.00,n52,3,0.70873905,3.4164371e-06,3.4164371e-06
Coarse,2.0,1.00,n52,3,0.71373905,3.5110749e-06,3.5110749e-06
Coarse,2.0,1.00,n52,3,0.71873905,3.6054824e-06,3.6054824e-06
Coarse,2.0,1.00,n52,3,0.72373905,3.6996526e-06,3.6996526e-06
Coarse,2.0,1.00,n52,3,0.72873905,3.793583e-06,3.793583e-06
Coarse,2.0,1.00,n52,3,0.73373905,3.8872747e-06,3.8872747e-06
Coarse,2.0,1.00,n52,3,0.73873905,3.9807303e-06,3.9807303e-06
Coarse,2.0,1.00,n52,3,0.74373905,4.0739528e-06,4.0739528e-06
Coarse,2.0,1.00,n52,3,0.74873905,4.166944e-06,4.166944e-06
Coarse,2.0,1.00,n52,3,0.75373905,4.2597041e-06,4.2597041e-06
Coarse,2.0,1.00,n52,3,0.75873905,4.3522321e-06,4.3522321e-06
Coarse,2.0,1.00,n52,3,0.76373905,4.4445257e-06,4.4445257e-06
Coarse,2.0,1.00,n52,3,0.76873905,4.5365823e-06,4.5365823e-06
Coarse,2.0,1.00,n52,3,0.77373905,4.6283996e-06,4.6283996e-06
Coarse,2.0,1.00,n52,3,0.77873905,4.7199755e-06,4.7199755e-06
Coarse,2.0,1.00,n52,3,0.78373905,4.8113093e-06,4.8113093e-06
Coarse,2.0,1.00,n52,3,0.78873905,4.902401e-06,4.902401e-06
Coarse,2.0,1.00,n52,3,0.79373905,4.9932521e-06,4.9932521e-06
Coarse,2.0,1.00,n52,3,0.79873905,5.0838645e-06,5.0838645e-06
Coarse,2.0,1.00,n52,3,0.80373905,5.1742414e-06,5.1742414e-06
Coarse,2.0,1.00,n52,3,0.80873905,5.2643862e-06,5.2643862e-06
Coarse,2.0,1.00,n52,3,0.81373905,5.3543029e-06,5.3543029e-06
Coarse,2.0,1.00,n52,3,0.81873905,5.4439952e-06,5.4439952e-06
Coarse,2.0,1.00,n52,3,0.82373905,5.5334674e-06,5.5334674e-06
Coarse,2.0,1.00,n52,3,0.82873905,5.6227231e-06,5.6227231e-06
Coarse,2.0,1.00,n52,3,0.83373905,5.7117662e-06,5.7117662e-06
Coarse,2.0,1.00,n52,3,0.83873905,5.8005999e-06,5.8005999e-06
Coarse,2.0,1.00,n52,3,0.84373905,5.8892274e-06,5.8892274e-06
Coarse,2.0,1.00,n52,3,0.84873905,5.9776516e-06,5.9776516e-06
Coarse,2.0,1.00,n52,3,0.85373905,6.0658751e-06,6.0658751e-06
Coarse,2.0,1.00,n52,3,0.85873905,6.1539002e-06,6.1539002e-06
Coarse,2.0,1.00,n52,3,0.86373905,6.2417293e-06,6.2417293e-06
Coarse,2.0,1.00,n52,3,0.86873905,6.3293642e-06,6.3293642e-06
Coarse,2.0,1.00,n52,3,0.87373905,6.4168069e-06,6.4168069e-06
Coarse,2.0,1.00,n52,3,0.87873905,6.5040591e-06,6.5040591e-06
Coarse,2.0,1.00,n52,3,0.88373905,6.5911225e-06,6.5911225e-06
Coarse,2.0,1.00,n52,3,0.88873905,6.6779986e-06,6.6779986e-06
Coarse,2.0,1.00,n52,3,0.89373905,6.7646888e-06,6.7646888e-06
Coarse,2.0,1.00,n52,3,0.89873905,6.8511945e-06,6.8511945e-06
Coarse,2.0,1.00,n52,3,0.90373905,6.9375171e-06,6.9375171e-06
Coarse,2.0,1.00,n52,3,0.90873905,7.0236575e-06,7.0236575e-06
Coarse,2.0,1.00,n52,3,0.91373905,7.1096172e-06,7.1096172e-06
Coarse,2.0,1.00,n52,3,0.91873905,7.1953969e-06,7.1953969e-06
Coarse,2.0,1.00,n52,3,0.92373905,7.2809979e-06,7.2809979e-06
Coarse,2.0,1.00,n52,3,0.92873905,7.366421e-06,7.366421e-06
Coarse,2.0,1.00,n52,3,0.93373905,7.4516671e-06,7.4516671e-06
Coarse,2.0,1.00,n52,3,0.93873905,7.5367372e-06,7.5367372e-06
Coarse,2.0,1.00,n52,3,0.94373905,7.6216321e-06,7.6216321e-06
Coarse,2.0,1.00,n52,3,0.94873905,7.7063526e-06,7.7063526e-06
Coarse,2.0,1.00,n52,3,0.95373905,7.7908997e-06,7.7908997e-06
Coarse,2.0,1.00,n52,3,0.95873905,7.8752741e-06,7.8752741e-06
Coarse,2.0,1.00,n52,3,0.96373905,7.9594767e-06,7.9594767e-06
Coarse,2.0,1.00,n52,3,0.96873905,8.0435084e-06,8.0435084e-06
Coarse,2.0,1.00,n52,3,0.97373905,8.12737e-06,8.12737e-06
Coarse,2.0,1.00,n52,3,0.97873905,8.2110625e-06,8.2110625e-06
Coarse,2.0,1.00,n52,3,0.98373905,8.2945867e-06,8.2945867e-06
Coarse,2.0,1.00,n52,3,0.98873905,8.3779437e-06,8.3779437e-06
Coarse,2.0,1.00,n52,3,0.99373905,8.4611344e-06,8.4611344e-06
Coarse,2.0,1.00,n52,3,0.99873905,8.5441597e-06,8.5441597e-06
Coarse,2.0,1.00,n52,3,1,8.5650718e-06,8.5650718e-06
Medium,1.0,1.00,n48,1,0.00035,3.0940812e-15,3.0940812e-15
Medium,1.0,1.00,n48,1,0.00076844444,3.085557e-15,3.085557e-15
Medium,1.0,1.00,n48,1,0.001268718,3.0755834e-15,3.0755834e-15
Medium,1.0,1.00,n48,1,0.0018668229,3.0640245e-15,3.0640245e-15
Medium,1.0,1.00,n48,1,0.0025818905,3.0506811e-15,3.0506811e-15
Medium,1.0,1.00,n48,1,0.0034346748,3.0352801e-15,3.0352801e-15
Medium,1.0,1.00,n48,1,0.004451699,3.0175686e-15,3.0175686e-15
Medium,1.0,1.00,n48,1,0.0056630879,2.9972822e-15,2.9972822e-15
Medium,1.0,1.00,n48,1,0.0071059867,2.9755959e-15,2.9755959e-15
Medium,1.0,1.00,n48,1,0.0087669234,2.9522847e-15,2.9522847e-15
Medium,1.0,1.00,n48,1,0.010511522,2.9313495e-15,2.9313495e-15
Medium,1.0,1.00,n48,1,0.012354335,2.9131103e-15,2.9131103e-15
Medium,1.0,1.00,n48,1,0.014341844,2.8977721e-15,2.8977721e-15
Medium,1.0,1.00,n48,1,0.016538408,2.8865285e-15,2.8865285e-15
Medium,1.0,1.00,n48,1,0.019018086,2.8813114e-15,2.8813114e-15
Medium,1.0,1.00,n48,1,0.021850428,2.886309e-15,2.886309e-15
Medium,1.0,1.00,n48,1,0.025123358,2.9085472e-15,2.9085472e-15
Medium,1.0,1.00,n48,1,0.028949048,2.9596358e-15,2.9596358e-15
Medium,1.0,1.00,n48,1,0.033460529,3.061924e-15,3.061924e-15
Medium,1.0,1.00,n48,1,0.038814154,3.2523055e-15,3.2523055e-15
Medium,1.0,1.00,n48,1,0.04515919,3.5998373e-15,3.5998373e-15
Medium,1.0,1.00,n48,1,0.05215919,4.1826011e-15,4.1826011e-15
Medium,1.0,1.00,n48,1,0.05915919,5.0397901e-15,5.0397901e-15
Medium,1.0,1.00,n48,1,0.06615919,6.2570889e-15,6.2570889e-15
Medium,1.0,1.00,n48,1,0.07315919,7.9416806e-15,7.9416806e-15
Medium,1.0,1.00,n48,1,0.08015919,1.0229087e-14,1.0229087e-14
Medium,1.0,1.00,n48,1,0.08715919,1.3291559e-14,1.3291559e-14
Medium,1.0,1.00,n48,1,0.09415919,1.7352551e-14,1.7352551e-14
Medium,1.0,1.00,n48,1,0.10115919,2.2705178e-14,2.2705178e-14
Medium,1.0,1.00,n48,1,0.10815919,2.9736115e-14,2.9736115e-14
Medium,1.0,1.00,n48,1,0.11515919,3.895486e-14,3.895486e-14
Medium,1.0,1.00,n48,1,0.12215919,5.1031911e-14,5.1031911e-14
Medium,1.0,1.00,n48,1,0.12915919,6.6847012e-14,6.6847012e-14
Medium,1.0,1.00,n48,1,0.13615919,8.7553916e-14,8.7553916e-14
Medium,1.0,1.00,n48,1,0.14315919,1.1466429e-13,1.1466429e-13
Medium,1.0,1.00,n48,1,0.15015919,1.5015784e-13,1.5015784e-13
Medium,1.0,1.00,n48,1,0.15715919,1.9662639e-13,1.9662639e-13
Medium,1.0,1.00,n48,1,0.16415919,2.5746313e-13,2.5746313e-13
Medium,1.0,1.00,n48,1,0.17115919,3.3710994e-13,3.3710994e-13
Medium,1.0,1.00,n48,1,0.17815919,4.4138114e-13,4.4138114e-13
Medium,1.0,1.00,n48,1,0.18515919,5.7788758e-13,5.7788758e-13
Medium,1.0,1.00,n48,1,0.19215919,7.5659118e-13,7.5659118e-13
Medium,1.0,1.00,n48,1,0.19915919,9.9053068e-13,9.9053068e-13
Medium,1.0,1.00,n48,1,0.20615919,1.2967715e-12,1.2967715e-12
Medium,1.0,1.00,n48,1,0.21315919,1.6976485e-12,1.6976485e-12
Medium,1.0,1.00,n48,1,0.22015919,2.2223914e-12,2.2223914e-12
Medium,1.0,1.00,n48,1,0.22715919,2.9092525e-12,2.9092525e-12
Medium,1.0,1.00,n48,1,0.23415919,3.8082886e-12,3.8082886e-12
Medium,1.0,1.00,n48,1,0.24115919,4.9850013e-12,4.9850013e-12
Medium,1.0,1.00,n48,1,0.24815919,6.5250974e-12,6.5250974e-12
Medium,1.0,1.00,n48,1,0.25515919,8.5407159e-12,8.5407159e-12
Medium,1.0,1.00,n48,1,0.26215919,1.117857e-11,1.117857e-11
Medium,1.0,1.00,n48,1,0.26915919,1.4630593e-11,1.4630593e-11
Medium,1.0,1.00,n48,1,0.27615919,1.9147863e-11,1.9147863e-11
Medium,1.0,1.00,n48,1,0.28315919,2.5058794e-11,2.5058794e-11
Medium,1.0,1.00,n48,1,0.29015919,3.2792924e-11,3.2792924e-11
Medium,1.0,1.00,n48,1,0.29715919,4.2911995e-11,4.2911995e-11
Medium,1.0,1.00,n48,1,0.30415919,5.6150564e-11,5.6150564e-11
Medium,1.0,1.00,n48,1,0.31115919,7.3469043e-11,7.3469043e-11
Medium,1.0,1.00,n48,1,0.31815919,9.6122966e-11,9.6122966e-11
Medium,1.0,1.00,n48,1,0.32515919,1.2575341e-10,1.2575341e-10
Medium,1.0,1.00,n48,1,0.33215919,1.6450499e-10,1.6450499e-10
Medium,1.0,1.00,n48,1,0.33915919,2.1517973e-10,2.1517973e-10
Medium,1.0,1.00,n48,1,0.34615919,2.8143764e-10,2.8143764e-10
Medium,1.0,1.00,n48,1,0.35,3.2608373e-10,3.2608373e-10
Medium,1.0,1.00,n48,2,0.350015,3.2627127e-10,3.2627127e-10
Medium,1.0,1.00,n48,2,0.35003149,3.2647759e-10,3.2647759e-10
Medium,1.0,1.00,n48,2,0.35004962,3.2670458e-10,3.2670458e-10
Medium,1.0,1.00,n48,2,0.35006956,3.2695433e-10,3.2695433e-10
Medium,1.0,1.00,n48,2,0.35009148,3.2722913e-10,3.2722913e-10
Medium,1.0,1.00,n48,2,0.35011557,3.2753152e-10,3.2753152e-10
Medium,1.0,1.00,n48,2,0.35014206,3.278643e-10,3.278643e-10
Medium,1.0,1.00,n48,2,0.35017119,3.2823057e-10,3.2823057e-10
Medium,1.0,1.00,n48,2,0.35020322,3.2863373e-10,3.2863373e-10
Medium,1.0,1.00,n48,2,0.35023843,3.2907756e-10,3.2907756e-10
Medium,1.0,1.00,n48,2,0.35027714,3.2956621e-10,3.2956621e-10
Medium,1.0,1.00,n48,2,0.3503197,3.301043e-10,3.301043e-10
Medium,1.0,1.00,n48,2,0.35036649,3.306969e-10,3.306969e-10
Medium,1.0,1.00,n48,2,0.35041793,3.3134966e-10,3.3134966e-10
Medium,1.0,1.00,n48,2,0.35047449,3.3206882e-10,3.3206882e-10
Medium,1.0,1.00,n48,2,0.35053668,3.328613e-10,3.328613e-10
Medium,1.0,1.00,n48,2,0.35060505,3.3373476e-10,3.3373476e-10
Medium,1.0,1.00,n48,2,0.35068022,3.3469772e-10,3.3469772e-10
Medium,1.0,1.00,n48,2,0.35076286,3.3575965e-10,3.3575965e-10
Medium,1.0,1.00,n48,2,0.35085372,3.3693106e-10,3.3693106e-10
Medium,1.0,1.00,n48,2,0.35095362,3.3822367e-10,3.3822367e-10
Medium,1.0,1.00,n48,2,0.35106345,3.3965054e-10,3.3965054e-10
Medium,1.0,1.00,n48,2,0.35118421,3.4122625e-10,3.4122625e-10
Medium,1.0,1.00,n48,2,0.35131697,3.4296707e-10,3.4296707e-10
Medium,1.0,1.00,n48,2,0.35146294,3.4489124e-10,3.4489124e-10
Medium,1.0,1.00,n48,2,0.35162342,3.4701919e-10,3.4701919e-10
Medium,1.0,1.00,n48,2,0.35179986,3.493739e-10,3.493739e-10
Medium,1.0,1.00,n48,2,0.35199384,3.5198118e-10,3.5198118e-10
Medium,1.0,1.00,n48,2,0.35220712,3.5487016e-10,3.5487016e-10
Medium,1.0,1.00,n48,2,0.35244161,3.5807376e-10,3.5807376e-10
Medium,1.0,1.00,n48,2,0.35269941,3.6162928e-10,3.6162928e-10
Medium,1.0,1.00,n48,2,0.35298285,3.6557906e-10,3.6557906e-10
Medium,1.0,1.00,n48,2,0.35329448,3.6997134e-10,3.6997134e-10
Medium,1.0,1.00,n48,2,0.3536371,3.7486124e-10,3.7486124e-10
Medium,1.0,1.00,n48,2,0.35401379,3.8031191e-10,3.8031191e-10
Medium,1.0,1.00,n48,2,0.35442794,3.8639596e-10,3.8639596e-10
Medium,1.0,1.00,n48,2,0.35488304,3.9319376e-10,3.9319376e-10
Medium,1.0,1.00,n48,2,0.35538315,4.0080155e-10,4.0080155e-10
Medium,1.0,1.00,n48,2,0.35593271,4.0933121e-10,4.0933121e-10
Medium,1.0,1.00,n48,2,0.35653662,4.1891347e-10,4.1891347e-10
Medium,1.0,1.00,n48,2,0.35720025,4.2970171e-10,4.2970171e-10
Medium,1.0,1.00,n48,2,0.3579295,4.4187685e-10,4.4187685e-10
Medium,1.0,1.00,n48,2,0.3586795,4.5475759e-10,4.5475759e-10
Medium,1.0,1.00,n48,2,0.3594295,4.6801307e-10,4.6801307e-10
Medium,1.0,1.00,n48,2,0.3601795,4.8165417e-10,4.8165417e-10
Medium,1.0,1.00,n48,2,0.3609295,4.9569207e-10,4.9569207e-10
Medium,1.0,1.00,n48,2,0.3616795,5.1013828e-10,5.1013828e-10
Medium,1.0,1.00,n48,2,0.3624295,5.2500464e-10,5.2500464e-10
Medium,1.0,1.00,n48,2,0.3631795,5.4030332e-10,5.4030332e-10
Medium,1.0,1.00,n48,2,0.3639295,5.5604687e-10,5.5604687e-10
Medium,1.0,1.00,n48,2,0.3646795,5.7224816e-10,5.7224816e-10
Medium,1.0,1.00,n48,2,0.3654295,5.8892048e-10,5.8892048e-10
Medium,1.0,1.00,n48,2,0.3661795,6.0607746e-10,6.0607746e-10
Medium,1.0,1.00,n48,2,0.3669295,6.2373314e-10,6.2373314e-10
Medium,1.0,1.00,n48,2,0.3676795,6.4190197e-10,6.4190197e-10
Medium,1.0,1.00,n48,2,0.3684295,6.6059882e-10,6.6059882e-10
Medium,1.0,1.00,n48,2,0.3691795,6.7983896e-10,6.7983896e-10
Medium,1.0,1.00,n48,2,0.3699295,6.9963813e-10,6.9963813e-10
Medium,1.0,1.00,n48,2,0.3706795,7.2001251e-10,7.2001251e-10
Medium,1.0,1.00,n48,2,0.3714295,7.4097874e-10,7.4097874e-10
Medium,1.0,1.00,n48,2,0.3721795,7.6255396e-10,7.6255396e-10
Medium,1.0,1.00,n48,2,0.3729295,7.8475577e-10,7.8475577e-10
Medium,1.0,1.00,n48,2,0.3736795,8.076023e-10,8.076023e-10
Medium,1.0,1.00,n48,2,0.3744295,8.3111219e-10,8.3111219e-10
Medium,1.0,1.00,n48,2,0.3751795,8.5530463e-10,8.5530463e-10
Medium,1.0,1.00,n48,2,0.3759295,8.8019935e-10,8.8019935e-10
Medium,1.0,1.00,n48,2,0.3766795,9.0581663e-10,9.0581663e-10
Medium,1.0,1.00,n48,2,0.3774295,9.3217737e-10,9.3217737e-10
Medium,1.0,1.00,n48,2,0.3781795,9.5930303e-10,9.5930303e-10
Medium,1.0,1.00,n48,2,0.3789295,9.8721571e-10,9.8721571e-10
Medium,1.0,1.00,n48,2,0.3796795,1.0159381e-09,1.0159381e-09
Medium,1.0,1.00,n48,2,0.3804295,1.0454937e-09,1.0454937e-09
Medium,1.0,1.00,n48,2,0.3811795,1.0759064e-09,1.0759064e-09
Medium,1.0,1.00,n48,2,0.3819295,1.107201e-09,1.107201e-09
Medium,1.0,1.00,n48,2,0.3826795,1.139403e-09,1.139403e-09
Medium,1.0,1.00,n48,2,0.3834295,1.1725384e-09,1.1725384e-09
Medium,1.0,1.00,n48,2,0.3841795,1.2066343e-09,1.2066343e-09
Medium,1.0,1.00,n48,2,0.3849295,1.2417183e-09,1.2417183e-09
Medium,1.0,1.00,n48,2,0.3856795,1.2778189e-09,1.2778189e-09
Medium,1.0,1.00,n48,2,0.3864295,1.3149654e-09,1.3149654e-09
Medium,1.0,1.00,n48,2,0.3871795,1.3531879e-09,1.3531879e-09
Medium,1.0,1.00,n48,2,0.3879295,1.3925174e-09,1.3925174e-09
Medium,1.0,1.00,n48,2,0.3886795,1.4329857e-09,1.4329857e-09
Medium,1.0,1.00,n48,2,0.3894295,1.4746257e-09,1.4746257e-09
Medium,1.0,1.00,n48,2,0.3901795,1.5174709e-09,1.5174709e-09
Medium,1.0,1.00,n48,2,0.3909295,1.5615562e-09,1.5615562e-09
Medium,1.0,1.00,n48,2,0.3916795,1.6069172e-09,1.6069172e-09
Medium,1.0,1.00,n48,2,0.3924295,1.6535905e-09,1.6535905e-09
Medium,1.0,1.00,n48,2,0.3931795,1.7016138e-09,1.7016138e-09
Medium,1.0,1.00,n48,2,0.3939295,1.7510259e-09,1.7510259e-09
Medium,1.0,1.00,n48,2,0.3946795,1.8018667e-09,1.8018667e-09
Medium,1.0,1.00,n48,2,0.3954295,1.8541771e-09,1.8541771e-09
Medium,1.0,1.00,n48,2,0.3961795,1.9079995e-09,1.9079995e-09
Medium,1.0,1.00,n48,2,0.3969295,1.963377e-09,1.963377e-09
Medium,1.0,1.00,n48,2,0.3976795,2.0203544e-09,2.0203544e-09
Medium,1.0,1.00,n48,2,0.3984295,2.0789775e-09,2.0789775e-09
Medium,1.0,1.00,n48,2,0.3991795,2.1392933e-09,2.1392933e-09
Medium,1.0,1.00,n48,2,0.3999295,2.2013504e-09,2.2013504e-09
Medium,1.0,1.00,n48,2,0.4006795,2.2651987e-09,2.2651987e-09
Medium,1.0,1.00,n48,2,0.4014295,2.3308894e-09,2.3308894e-09
Medium,1.0,1.00,n48,2,0.4021795,2.3984751e-09,2.3984751e-09
Medium,1.0,1.00,n48,2,0.4029295,2.4680101e-09,2.4680101e-09
Medium,1.0,1.00,n48,2,0.4036795,2.53955e-09,2.53955e-09
Medium,1.0,1.00,n48,2,0.4044295,2.6131522e-09,2.6131522e-09
Medium,1.0,1.00,n48,2,0.4051795,2.6888755e-09,2.6888755e-09
Medium,1.0,1.00,n48,2,0.4059295,2.7667804e-09,2.7667804e-09
Medium,1.0,1.00,n48,2,0.4066795,2.8469291e-09,2.8469291e-09
Medium,1.0,1.00,n48,2,0.4074295,2.9293857e-09,2.9293857e-09
Medium,1.0,1.00,n48,2,0.4081795,3.0142158e-09,3.0142158e-09
Medium,1.0,1.00,n48,2,0.4089295,3.1014871e-09,3.1014871e-09
Medium,1.0,1.00,n48,2,0.4096795,3.191269e-09,3.191269e-09
Medium,1.0,1.00,n48,2,0.4104295,3.2836329e-09,3.2836329e-09
Medium,1.0,1.00,n48,2,0.4111795,3.3786523e-09,3.3786523e-09
Medium,1.0,1.00,n48,2,0.4119295,3.4764026e-09,3.4764026e-09
Medium,1.0,1.00,n48,2,0.4126795,3.5769613e-09,3.5769613e-09
Medium,1.0,1.00,n48,2,0.4134295,3.6804081e-09,3.6804081e-09
Medium,1.0,1.00,n48,2,0.4141795,3.786825e-09,3.786825e-09
Medium,1.0,1.00,n48,2,0.4149295,3.896296e-09,3.896296e-09
Medium,1.0,1.00,n48,2,0.4156795,4.0089078e-09,4.0089078e-09
Medium,1.0,1.00,n48,2,0.4164295,4.1247492e-09,4.1247492e-09
Medium,1.0,1.00,n48,2,0.4171795,4.2439116e-09,4.2439116e-09
Medium,1.0,1.00,n48,2,0.4179295,4.3664887e-09,4.3664887e-09
Medium,1.0,1.00,n48,2,0.4186795,4.4925772e-09,4.4925772e-09
Medium,1.0,1.00,n48,2,0.4194295,4.6222759e-09,4.6222759e-09
Medium,1.0,1.00,n48,2,0.4201795,4.7556869e-09,4.7556869e-09
Medium,1.0,1.00,n48,2,0.4209295,4.8929146e-09,4.8929146e-09
Medium,1.0,1.00,n48,2,0.4216795,5.0340665e-09,5.0340665e-09
Medium,1.0,1.00,n48,2,0.4224295,5.1792531e-09,5.1792531e-09
Medium,1.0,1.00,n48,2,0.4231795,5.3285878e-09,5.3285878e-09
Medium,1.0,1.00,n48,2,0.4239295,5.482187e-09,5.482187e-09
Medium,1.0,1.00,n48,2,0.4246795,5.6401704e-09,5.6401704e-09
Medium,1.0,1.00,n48,2,0.4254295,5.8026609e-09,5.8026609e-09
Medium,1.0,1.00,n48,2,0.4261795,5.9697848e-09,5.9697848e-09
Medium,1.0,1.00,n48,2,0.4269295,6.1416718e-09,6.1416718e-09
Medium,1.0,1.00,n48,2,0.4276795,6.3184549e-09,6.3184549e-09
Medium,1.0,1.00,n48,2,0.4284295,6.5002709e-09,6.5002709e-09
Medium,1.0,1.00,n48,2,0.4291795,6.6872603e-09,6.6872603e-09
Medium,1.0,1.00,n48,2,0.4299295,6.8795672e-09,6.8795672e-09
Medium,1.0,1.00,n48,2,0.4306795,7.0773397e-09,7.0773397e-09
Medium,1.0,1.00,n48,2,0.4314295,7.2807297e-09,7.2807297e-09
Medium,1.0,1.00,n48,2,0.4321795,7.4898933e-09,7.4898933e-09
Medium,1.0,1.00,n48,2,0.4329295,7.7049908e-09,7.7049908e-09
Medium,1.0,1.00,n48,2,0.4336795,7.9261865e-09,7.9261865e-09
Medium,1.0,1.00,n48,2,0.4344295,8.1536493e-09,8.1536493e-09
Medium,1.0,1.00,n48,2,0.4351795,8.3875524e-09,8.3875524e-09
Medium,1.0,1.00,n48,2,0.4359295,8.6280736e-09,8.6280736e-09
Medium,1.0,1.00,n48,2,0.4366795,8.8753955e-09,8.8753955e-09
Medium,1.0,1.00,n48,2,0.4374295,9.1297054e-09,9.1297054e-09
Medium,1.0,1.00,n48,2,0.4381795,9.3911953e-09,9.3911953e-09
Medium,1.0,1.00,n48,2,0.4389295,9.6600626e-09,9.6600626e-09
Medium,1.0,1.00,n48,2,0.4396795,9.9365094e-09,9.9365094e-09
Medium,1.0,1.00,n48,2,0.4404295,1.0220743e-08,1.0220743e-08
Medium,1.0,1.00,n48,2,0.4411795,1.0512977e-08,1.0512977e-08
Medium,1.0,1.00,n48,2,0.4419295,1.081343e-08,1.081343e-08
Medium,1.0,1.00,n48,2,0.4426795,1.1122325e-08,1.1122325e-08
Medium,1.0,1.00,n48,2,0.4434295,1.1439892e-08,1.1439892e-08
Medium,1.0,1.00,n48,2,0.4441795,1.1766367e-08,1.1766367e-08
Medium,1.0,1.00,n48,2,0.4449295,1.2101991e-08,1.2101991e-08
Medium,1.0,1.00,n48,2,0.4456795,1.2447013e-08,1.2447013e-08
Medium,1.0,1.00,n48,2,0.4464295,1.2801685e-08,1.2801685e-08
Medium,1.0,1.00,n48,2,0.4471795,1.3166268e-08,1.3166268e-08
Medium,1.0,1.00,n48,2,0.4479295,1.354103e-08,1.354103e-08
Medium,1.0,1.00,n48,2,0.4486795,1.3926244e-08,1.3926244e-08
Medium,1.0,1.00,n48,2,0.4494295,1.4322189e-08,1.4322189e-08
Medium,1.0,1.00,n48,2,0.4501795,1.4729154e-08,1.4729154e-08
Medium,1.0,1.00,n48,2,0.4509295,1.5147432e-08,1.5147432e-08
Medium,1.0,1.00,n48,2,0.4516795,1.5577325e-08,1.5577325e-08
Medium,1.0,1.00,n48,2,0.4524295,1.6019142e-08,1.6019142e-08
Medium,1.0,1.00,n48,2,0.4531795,1.6473199e-08,1.6473199e-08
Medium,1.0,1.00,n48,2,0.4539295,1.6939821e-08,1.6939821e-08
Medium,1.0,1.00,n48,2,0.4546795,1.7419338e-08,1.7419338e-08
Medium,1.0,1.00,n48,2,0.4554295,1.7912092e-08,1.7912092e-08
Medium,1.0,1.00,n48,2,0.4561795,1.8418429e-08,1.8418429e-08
Medium,1.0,1.00,n48,2,0.4569295,1.8938707e-08,1.8938707e-08
Medium,1.0,1.00,n48,2,0.4576795,1.9473288e-08,1.9473288e-08
Medium,1.0,1.00,n48,2,0.4584295,2.0022547e-08,2.0022547e-08
Medium,1.0,1.00,n48,2,0.4591795,2.0586865e-08,2.0586865e-08
Medium,1.0,1.00,n48,2,0.4599295,2.1166633e-08,2.1166633e-08
Medium,1.0,1.00,n48,2,0.4606795,2.176225e-08,2.176225e-08
Medium,1.0,1.00,n48,2,0.4614295,2.2374124e-08,2.2374124e-08
Medium,1.0,1.00,n48,2,0.4621795,2.3002674e-08,2.3002674e-08
Medium,1.0,1.00,n48,2,0.4629295,2.3648328e-08,2.3648328e-08
Medium,1.0,1.00,n48,2,0.4636795,2.4311521e-08,2.4311521e-08
Medium,1.0,1.00,n48,2,0.4644295,2.49927e-08,2.49927e-08
Medium,1.0,1.00,n48,2,0.4651795,2.5692323e-08,2.5692323e-08
Medium,1.0,1.00,n48,2,0.4659295,2.6410855e-08,2.6410855e-08
Medium,1.0,1.00,n48,2,0.4666795,2.7148774e-08,2.7148774e-08
Medium,1.0,1.00,n48,2,0.4674295,2.7906565e-08,2.7906565e-08
Medium,1.0,1.00,n48,2,0.4681795,2.8684727e-08,2.8684727e-08
Medium,1.0,1.00,n48,2,0.4689295,2.9483766e-08,2.9483766e-08
Medium,1.0,1.00,n48,2,0.4696795,3.0304202e-08,3.0304202e-08
Medium,1.0,1.00,n48,2,0.4704295,3.1146564e-08,3.1146564e-08
Medium,1.0,1.00,n48,2,0.4711795,3.2011392e-08,3.2011392e-08
Medium,1.0,1.00,n48,2,0.4719295,3.2899237e-08,3.2899237e-08
Medium,1.0,1.00,n48,2,0.4726795,3.3810661e-08,3.3810661e-08
Medium,1.0,1.00,n48,2,0.4734295,3.4746239e-08,3.4746239e-08
Medium,1.0,1.00,n48,2,0.4741795,3.5706554e-08,3.5706554e-08
Medium,1.0,1.00,n48,2,0.4749295,3.6692203e-08,3.6692203e-08
Medium,1.0,1.00,n48,2,0.4756795,3.7703795e-08,3.7703795e-08
Medium,1.0,1.00,n48,2,0.4764295,3.8741948e-08,3.8741948e-08
Medium,1.0,1.00,n48,2,0.4771795,3.9807294e-08,3.9807294e-08
Medium,1.0,1.00,n48,2,0.4779295,4.0900475e-08,4.0900475e-08
Medium,1.0,1.00,n48,2,0.4786795,4.2022148e-08,4.2022148e-08
Medium,1.0,1.00,n48,2,0.4794295,4.3172977e-08,4.3172977e-08
Medium,1.0,1.00,n48,2,0.4801795,4.4353643e-08,4.4353643e-08
Medium,1.0,1.00,n48,2,0.4809295,4.5564835e-08,4.5564835e-08
Medium,1.0,1.00,n48,2,0.4816795,4.6807256e-08,4.6807256e-08
Medium,1.0,1.00,n48,2,0.4824295,4.8081621e-08,4.8081621e-08
Medium,1.0,1.00,n48,2,0.4831795,4.9388656e-08,4.9388656e-08
Medium,1.0,1.00,n48,2,0.4839295,5.07291e-08,5.07291e-08
Medium,1.0,1.00,n48,2,0.4846795,5.2103705e-08,5.2103705e-08
Medium,1.0,1.00,n48,2,0.4854295,5.3513232e-08,5.3513232e-08
Medium,1.0,1.00,n48,2,0.4861795,5.4958457e-08,5.4958457e-08
Medium,1.0,1.00,n48,2,0.4869295,5.6440166e-08,5.6440166e-08
Medium,1.0,1.00,n48,2,0.4876795,5.7959158e-08,5.7959158e-08
Medium,1.0,1.00,n48,2,0.4884295,5.9516243e-08,5.9516243e-08
Medium,1.0,1.00,n48,2,0.4891795,6.1112243e-08,6.1112243e-08
Medium,1.0,1.00,n48,2,0.4899295,6.2747992e-08,6.2747992e-08
Medium,1.0,1.00,n48,2,0.4906795,6.4424336e-08,6.4424336e-08
Medium,1.0,1.00,n48,2,0.4914295,6.614213e-08,6.614213e-08
Medium,1.0,1.00,n48,2,0.4921795,6.7902244e-08,6.7902244e-08
Medium,1.0,1.00,n48,2,0.4929295,6.9705556e-08,6.9705556e-08
Medium,1.0,1.00,n48,2,0.4936795,7.1552955e-08,7.1552955e-08
Medium,1.0,1.00,n48,2,0.4944295,7.3445344e-08,7.3445344e-08
Medium,1.0,1.00,n48,2,0.4951795,7.5383633e-08,7.5383633e-08
Medium,1.0,1.00,n48,2,0.4959295,7.7368743e-08,7.7368743e-08
Medium,1.0,1.00,n48,2,0.4966795,7.9401607e-08,7.9401607e-08
Medium,1.0,1.00,n48,2,0.4974295,8.1483167e-08,8.1483167e-08
Medium,1.0,1.00,n48,2,0.4981795,8.3614372e-08,8.3614372e-08
Medium,1.0,1.00,n48,2,0.4989295,8.5796185e-08,8.5796185e-08
Medium,1.0,1.00,n48,2,0.4996795,8.8029575e-08,8.8029575e-08
Medium,1.0,1.00,n48,2,0.5,8.8999939e-08,8.8999939e-08
Medium,1.0,1.00,n48,3,0.5005,9.0533128e-08,9.0533128e-08
Medium,1.0,1.00,n48,3,0.50109852,9.2399782e-08,9.2399782e-08
Medium,1.0,1.00,n48,3,0.50181497,9.467986e-08,9.467986e-08
Medium,1.0,1.00,n48,3,0.50267258,9.7475732e-08,9.7475732e-08
Medium,1.0,1.00,n48,3,0.50369918,1.0091984e-07,1.0091984e-07
Medium,1.0,1.00,n48,3,0.50492806,1.0518552e-07,1.0518552e-07
Medium,1.0,1.00,n48,3,0.50639907,1.1050255e-07,1.1050255e-07
Medium,1.0,1.00,n48,3,0.50815992,1.1717977e-07,1.1717977e-07
Medium,1.0,1.00,n48,3,0.51026773,1.2563849e-07,1.2563849e-07
Medium,1.0,1.00,n48,3,0.51279085,1.3646257e-07,1.3646257e-07
Medium,1.0,1.00,n48,3,0.51581112,1.5047421e-07,1.5047421e-07
Medium,1.0,1.00,n48,3,0.51942202,1.6882617e-07,1.6882617e-07
Medium,1.0,1.00,n48,3,0.52373905,1.9320905e-07,1.9320905e-07
Medium,1.0,1.00,n48,3,0.52873905,2.250141e-07,2.250141e-07
Medium,1.0,1.00,n48,3,0.53373905,2.609143e-07,2.609143e-07
Medium,1.0,1.00,n48,3,0.53873905,3.0116471e-07,3.0116471e-07
Medium,1.0,1.00,n48,3,0.54373905,3.4598487e-07,3.4598487e-07
Medium,1.0,1.00,n48,3,0.54873905,3.9555184e-07,3.9555184e-07
Medium,1.0,1.00,n48,3,0.55373905,4.4999479e-07,4.4999479e-07
Medium,1.0,1.00,n48,3,0.55873905,5.0939108e-07,5.0939108e-07
Medium,1.0,1.00,n48,3,0.56373905,5.73764e-07,5.73764e-07
Medium,1.0,1.00,n48,3,0.56873905,6.4308184e-07,6.4308184e-07
Medium,1.0,1.00,n48,3,0.57373905,7.172583e-07,7.172583e-07
Medium,1.0,1.00,n48,3,0.57873905,7.961538e-07,7.961538e-07
Medium,1.0,1.00,n48,3,0.58373905,8.7957742e-07,8.7957742e-07
Medium,1.0,1.00,n48,3,0.58873905,9.6728929e-07,9.6728929e-07
Medium,1.0,1.00,n48,3,0.59373905,1.059003e-06,1.059003e-06
Medium,1.0,1.00,n48,3,0.59873905,1.1543885e-06,1.1543885e-06
Medium,1.0,1.00,n48,3,0.60373905,1.2530739e-06,1.2530739e-06
Medium,1.0,1.00,n48,3,0.60873905,1.3546487e-06,1.3546487e-06
Medium,1.0,1.00,n48,3,0.61373905,1.4586663e-06,1.4586663e-06
Medium,1.0,1.00,n48,3,0.61873905,1.5646469e-06,1.5646469e-06
Medium,1.0,1.00,n48,3,0.62373905,1.6720823e-06,1.6720823e-06
Medium,1.0,1.00,n48,3,0.62873905,1.7804419e-06,1.7804419e-06
Medium,1.0,1.00,n48,3,0.63373905,1.8891824e-06,1.8891824e-06
Medium,1.0,1.00,n48,3,0.63873905,1.9977616e-06,1.9977616e-06
Medium,1.0,1.00,n48,3,0.64373905,2.1056589e-06,2.1056589e-06
Medium,1.0,1.00,n48,3,0.64873905,2.2124025e-06,2.2124025e-06
Medium,1.0,1.00,n48,3,0.65373905,2.3176038e-06,2.3176038e-06
Medium,1.0,1.00,n48,3,0.65873905,2.4209944e-06,2.4209944e-06
Medium,1.0,1.00,n48,3,0.66373905,2.5224576e-06,2.5224576e-06
Medium,1.0,1.00,n48,3,0.66873905,2.6220416e-06,2.6220416e-06
Medium,1.0,1.00,n48,3,0.67373905,2.7199434e-06,2.7199434e-06
Medium,1.0,1.00,n48,3,0.67873905,2.8164604e-06,2.8164604e-06
Medium,1.0,1.00,n48,3,0.68373905,2.9119239e-06,2.9119239e-06
Medium,1.0,1.00,n48,3,0.68873905,3.0066359e-06,3.0066359e-06
Medium,1.0,1.00,n48,3,0.69373905,3.1008296e-06,3.1008296e-06
Medium,1.0,1.00,n48,3,0.69873905,3.1946575e-06,3.1946575e-06
Medium,1.0,1.00,n48,3,0.70373905,3.2882033e-06,3.2882033e-06
Medium,1.0,1.00,n48,3,0.70873905,3.3815055e-06,3.3815055e-06
Medium,1.0,1.00,n48,3,0.71373905,3.4745795e-06,3.4745795e-06
Medium,1.0,1.00,n48,3,0.71873905,3.5674319e-06,3.5674319e-06
Medium,1.0,1.00,n48,3,0.72373905,3.660067e-06,3.660067e-06
Medium,1.0,1.00,n48,3,0.72873905,3.752488e-06,3.752488e-06
Medium,1.0,1.00,n48,3,0.73373905,3.844697e-06,3.844697e-06
Medium,1.0,1.00,n48,3,0.73873905,3.9366953e-06,3.9366953e-06
Medium,1.0,1.00,n48,3,0.74373905,4.0284833e-06,4.0284833e-06
Medium,1.0,1.00,n48,3,0.74873905,4.1200612e-06,4.1200612e-06
Medium,1.0,1.00,n48,3,0.75373905,4.2114293e-06,4.2114293e-06
Medium,1.0,1.00,n48,3,0.75873905,4.3025881e-06,4.3025881e-06
Medium,1.0,1.00,n48,3,0.76373905,4.3935381e-06,4.3935381e-06
Medium,1.0,1.00,n48,3,0.76873905,4.4842807e-06,4.4842807e-06
Medium,1.0,1.00,n48,3,0.77373905,4.5748172e-06,4.5748172e-06
Medium,1.0,1.00,n48,3,0.77873905,4.6651492e-06,4.6651492e-06
Medium,1.0,1.00,n48,3,0.78373905,4.7552787e-06,4.7552787e-06
Medium,1.0,1.00,n48,3,0.78873905,4.8452075e-06,4.8452075e-06
Medium,1.0,1.00,n48,3,0.79373905,4.9349374e-06,4.9349374e-06
Medium,1.0,1.00,n48,3,0.79873905,5.0244701e-06,5.0244701e-06
Medium,1.0,1.00,n48,3,0.80373905,5.1138071e-06,5.1138071e-06
Medium,1.0,1.00,n48,3,0.80873905,5.2029497e-06,5.2029497e-06
Medium,1.0,1.00,n48,3,0.81373905,5.2918991e-06,5.2918991e-06
Medium,1.0,1.00,n48,3,0.81873905,5.3806563e-06,5.3806563e-06
Medium,1.0,1.00,n48,3,0.82373905,5.4692221e-06,5.4692221e-06
Medium,1.0,1.00,n48,3,0.82873905,5.5575975e-06,5.5575975e-06
Medium,1.0,1.00,n48,3,0.83373905,5.6457832e-06,5.6457832e-06
Medium,1.0,1.00,n48,3,0.83873905,5.7337802e-06,5.7337802e-06
Medium,1.0,1.00,n48,3,0.84373905,5.8215894e-06,5.8215894e-06
Medium,1.0,1.00,n48,3,0.84873905,5.9092116e-06,5.9092116e-06
Medium,1.0,1.00,n48,3,0.85373905,5.9966478e-06,5.9966478e-06
Medium,1.0,1.00,n48,3,0.85873905,6.0838991e-06,6.0838991e-06
Medium,1.0,1.00,n48,3,0.86373905,6.1709666e-06,6.1709666e-06
Medium,1.0,1.00,n48,3,0.86873905,6.2578512e-06,6.2578512e-06
Medium,1.0,1.00,n48,3,0.87373905,6.3445541e-06,6.3445541e-06
Medium,1.0,1.00,n48,3,0.87873905,6.4310762e-06,6.4310762e-06
Medium,1.0,1.00,n48,3,0.88373905,6.5174186e-06,6.5174186e-06
Medium,1.0,1.00,n48,3,0.88873905,6.6035823e-06,6.6035823e-06
Medium,1.0,1.00,n48,3,0.89373905,6.6895681e-06,6.6895681e-06
Medium,1.0,1.00,n48,3,0.89873905,6.775377e-06,6.775377e-06
Medium,1.0,1.00,n48,3,0.90373905,6.8610099e-06,6.8610099e-06
Medium,1.0,1.00,n48,3,0.90873905,6.9464676e-06,6.9464676e-06
Medium,1.0,1.00,n48,3,0.91373905,7.0317509e-06,7.0317509e-06
Medium,1.0,1.00,n48,3,0.91873905,7.1168608e-06,7.1168608e-06
Medium,1.0,1.00,n48,3,0.92373905,7.201798e-06,7.201798e-06
Medium,1.0,1.00,n48,3,0.92873905,7.2865633e-06,7.2865633e-06
Medium,1.0,1.00,n48,3,0.93373905,7.3711575e-06,7.3711575e-06
Medium,1.0,1.00,n48,3,0.93873905,7.4555815e-06,7.4555815e-06
Medium,1.0,1.00,n48,3,0.94373905,7.539836e-06,7.539836e-06
Medium,1.0,1.00,n48,3,0.94873905,7.6239219e-06,7.6239219e-06
Medium,1.0,1.00,n48,3,0.95373905,7.7078401e-06,7.7078401e-06
Medium,1.0,1.00,n48,3,0.95873905,7.7915913e-06,7.7915913e-06
Medium,1.0,1.00,n48,3,0.96373905,7.8751763e-06,7.8751763e-06
Medium,1.0,1.00,n48,3,0.96873905,7.9585959e-06,7.9585959e-06
Medium,1.0,1.00,n48,3,0.97373905,8.041851e-06,8.041851e-06
Medium,1.0,1.00,n48,3,0.97873905,8.1249423e-06,8.1249423e-06
Medium,1.0,1.00,n48,3,0.98373905,8.2078704e-06,8.2078704e-06
Medium,1.0,1.00,n48,3,0.98873905,8.2906363e-06,8.2906363e-06
Medium,1.0,1.00,n48,3,0.99373905,8.3732405e-06,8.3732405e-06
Medium,1.0,1.00,n48,3,0.99873905,8.4556838e-06,8.4556838e-06
Medium,1.0,1.00,n48,3,1,8.4764497e-06,8.4764497e-06
Fine,0.5,1.00,n50,1,0.00035,2.8314383e-15,2.8314383e-15
Fine,0.5,1.00,n50,1,0.00076844444,2.8248183e-15,2.8248183e-15
Fine,0.5,1.00,n50,1,0.001268718,2.8170989e-15,2.8170989e-15
Fine,0.5,1.00,n50,1,0.0018668229,2.808055e-15,2.808055e-15
Fine,0.5,1.00,n50,1,0.0025818905,2.7977066e-15,2.7977066e-15
Fine,0.5,1.00,n50,1,0.0034336154,2.7857822e-15,2.7857822e-15
Fine,0.5,1.00,n50,1,0.0044481145,2.7722796e-15,2.7722796e-15
Fine,0.5,1.00,n50,1,0.0056564956,2.7575795e-15,2.7575795e-15
Fine,0.5,1.00,n50,1,0.0063654125,2.7494633e-15,2.7494633e-15
Fine,0.5,1.00,n50,1,0.0072098113,2.7404118e-15,2.7404118e-15
Fine,0.5,1.00,n50,1,0.0082155841,2.7303264e-15,2.7303264e-15
Fine,0.5,1.00,n50,1,0.0094135712,2.7197335e-15,2.7197335e-15
Fine,0.5,1.00,n50,1,0.010106629,2.7140994e-15,2.7140994e-15
Fine,0.5,1.00,n50,1,0.010932138,2.7078547e-15,2.7078547e-15
Fine,0.5,1.00,n50,1,0.01191541,2.7015013e-15,2.7015013e-15
Fine,0.5,1.00,n50,1,0.013086597,2.6954512e-15,2.6954512e-15
Fine,0.5,1.00,n50,1,0.013754608,2.6927311e-15,2.6927311e-15
Fine,0.5,1.00,n50,1,0.014550282,2.6900847e-15,2.6900847e-15
Fine,0.5,1.00,n50,1,0.015498019,2.6877891e-15,2.6877891e-15
Fine,0.5,1.00,n50,1,0.016626879,2.6866253e-15,2.6866253e-15
Fine,0.5,1.00,n50,1,0.017269075,2.6866533e-15,2.6866533e-15
Fine,0.5,1.00,n50,1,0.018034002,2.6874867e-15,2.6874867e-15
Fine,0.5,1.00,n50,1,0.018945114,2.6895541e-15,2.6895541e-15
Fine,0.5,1.00,n50,1,0.02003035,2.6932239e-15,2.6932239e-15
Fine,0.5,1.00,n50,1,0.020660591,2.6962764e-15,2.6962764e-15
Fine,0.5,1.00,n50,1,0.021412212,2.7005528e-15,2.7005528e-15
Fine,0.5,1.00,n50,1,0.022307476,2.7067038e-15,2.7067038e-15
Fine,0.5,1.00,n50,1,0.023373834,2.7156796e-15,2.7156796e-15
Fine,0.5,1.00,n50,1,0.023984423,2.7213941e-15,2.7213941e-15
Fine,0.5,1.00,n50,1,0.024712607,2.7292952e-15,2.7292952e-15
Fine,0.5,1.00,n50,1,0.025579955,2.7398896e-15,2.7398896e-15
Fine,0.5,1.00,n50,1,0.026613063,2.754396e-15,2.754396e-15
Fine,0.5,1.00,n50,1,0.027194665,2.7633424e-15,2.7633424e-15
Fine,0.5,1.00,n50,1,0.027890002,2.7750502e-15,2.7750502e-15
Fine,0.5,1.00,n50,1,0.028718225,2.790089e-15,2.790089e-15
Fine,0.5,1.00,n50,1,0.029703504,2.8099525e-15,2.8099525e-15
Fine,0.5,1.00,n50,1,0.030261829,2.8219949e-15,2.8219949e-15
Fine,0.5,1.00,n50,1,0.030929337,2.8373858e-15,2.8373858e-15
Fine,0.5,1.00,n50,1,0.031724414,2.8571136e-15,2.8571136e-15
Fine,0.5,1.00,n50,1,0.032670261,2.8826057e-15,2.8826057e-15
Fine,0.5,1.00,n50,1,0.033201336,2.8978367e-15,2.8978367e-15
Fine,0.5,1.00,n50,1,0.033836266,2.9169668e-15,2.9169668e-15
Fine,0.5,1.00,n50,1,0.034595361,2.9412019e-15,2.9412019e-15
Fine,0.5,1.00,n50,1,0.035499526,2.97199e-15,2.97199e-15
Fine,0.5,1.00,n50,1,0.036008538,2.9902397e-15,2.9902397e-15
Fine,0.5,1.00,n50,1,0.03661709,3.0131202e-15,3.0131202e-15
Fine,0.5,1.00,n50,1,0.037344647,3.0418301e-15,3.0418301e-15
Fine,0.5,1.00,n50,1,0.038211249,3.0781532e-15,3.0781532e-15
Fine,0.5,1.00,n50,1,0.038710027,3.1000909e-15,3.1000909e-15
Fine,0.5,1.00,n50,1,0.039306343,3.1272777e-15,3.1272777e-15
Fine,0.5,1.00,n50,1,0.040019272,3.1612919e-15,3.1612919e-15
Fine,0.5,1.00,n50,1,0.04086845,3.2038861e-15,3.2038861e-15
Fine,0.5,1.00,n50,1,0.041346506,3.2289681e-15,3.2289681e-15
Fine,0.5,1.00,n50,1,0.041918048,3.2599724e-15,3.2599724e-15
Fine,0.5,1.00,n50,1,0.042601358,3.2986206e-15,3.2986206e-15
Fine,0.5,1.00,n50,1,0.043417282,3.3470316e-15,3.3470316e-15
Fine,0.5,1.00,n50,1,0.043868155,3.3749035e-15,3.3749035e-15
Fine,0.5,1.00,n50,1,0.044407199,3.4092512e-15,3.4092512e-15
Fine,0.5,1.00,n50,1,0.045051656,3.4518802e-15,3.4518802e-15
Fine,0.5,1.00,n50,1,0.045821185,3.5050476e-15,3.5050476e-15
Fine,0.5,1.00,n50,1,0.046254971,3.5360891e-15,3.5360891e-15
Fine,0.5,1.00,n50,1,0.046773587,3.5742862e-15,3.5742862e-15
Fine,0.5,1.00,n50,1,0.047393621,3.621453e-15,3.621453e-15
Fine,0.5,1.00,n50,1,0.048133988,3.6800232e-15,3.6800232e-15
Fine,0.5,1.00,n50,1,0.048547496,3.7139086e-15,3.7139086e-15
Fine,0.5,1.00,n50,1,0.049041869,3.755407e-15,3.755407e-15
Fine,0.5,1.00,n50,1,0.049632918,3.8065421e-15,3.8065421e-15
Fine,0.5,1.00,n50,1,0.050338675,3.8698567e-15,3.8698567e-15
Fine,0.5,1.00,n50,1,0.050728149,3.9059272e-15,3.9059272e-15
Fine,0.5,1.00,n50,1,0.051193786,3.9500813e-15,3.9500813e-15
Fine,0.5,1.00,n50,1,0.05175048,4.004357e-15,4.004357e-15
Fine,0.5,1.00,n50,1,0.052415215,4.0712953e-15,4.0712953e-15
Fine,0.5,1.00,n50,1,0.052788944,4.1106722e-15,4.1106722e-15
Fine,0.5,1.00,n50,1,0.053236865,4.1574876e-15,4.1574876e-15
Fine,0.5,1.00,n50,1,0.053773043,4.2156629e-15,4.2156629e-15
Fine,0.5,1.00,n50,1,0.054414073,4.2875869e-15,4.2875869e-15
Fine,0.5,1.00,n50,1,0.054766877,4.3287052e-15,4.3287052e-15
Fine,0.5,1.00,n50,1,0.055189719,4.377878e-15,4.377878e-15
Fine,0.5,1.00,n50,1,0.055695251,4.4387372e-15,4.4387372e-15
Fine,0.5,1.00,n50,1,0.056299642,4.5136222e-15,4.5136222e-15
Fine,0.5,1.00,n50,1,0.056643025,4.5575337e-15,4.5575337e-15
Fine,0.5,1.00,n50,1,0.057054577,4.6104977e-15,4.6104977e-15
Fine,0.5,1.00,n50,1,0.05754661,4.675662e-15,4.675662e-15
Fine,0.5,1.00,n50,1,0.058134862,4.7556474e-15,4.7556474e-15
Fine,0.5,1.00,n50,1,0.058465155,4.801666e-15,4.801666e-15
Fine,0.5,1.00,n50,1,0.058860039,4.8578172e-15,4.8578172e-15
Fine,0.5,1.00,n50,1,0.059333314,4.9262997e-15,4.9262997e-15
Fine,0.5,1.00,n50,1,0.059899842,5.0104569e-15,5.0104569e-15
Fine,0.5,1.00,n50,1,0.060526799,5.1064902e-15,5.1064902e-15
Fine,0.5,1.00,n50,1,0.060884397,5.1625934e-15,5.1625934e-15
Fine,0.5,1.00,n50,1,0.061310336,5.2305589e-15,5.2305589e-15
Fine,0.5,1.00,n50,1,0.061820832,5.3143164e-15,5.3143164e-15
Fine,0.5,1.00,n50,1,0.062126373,5.3653311e-15,5.3653311e-15
Fine,0.5,1.00,n50,1,0.062492117,5.4273716e-15,5.4273716e-15
Fine,0.5,1.00,n50,1,0.062929926,5.5031409e-15,5.5031409e-15
Fine,0.5,1.00,n50,1,0.063434542,5.5918461e-15,5.5918461e-15
Fine,0.5,1.00,n50,1,0.064039333,5.7022411e-15,5.7022411e-15
Fine,0.5,1.00,n50,1,0.064761499,5.8375625e-15,5.8375625e-15
Fine,0.5,1.00,n50,1,0.065483664,5.9775282e-15,5.9775282e-15
Fine,0.5,1.00,n50,1,0.06620583,6.1223974e-15,6.1223974e-15
Fine,0.5,1.00,n50,1,0.066927995,6.2721748e-15,6.2721748e-15
Fine,0.5,1.00,n50,1,0.067650161,6.4269635e-15,6.4269635e-15
Fine,0.5,1.00,n50,1,0.068372326,6.5870644e-15,6.5870644e-15
Fine,0.5,1.00,n50,1,0.069101981,6.7542454e-15,6.7542454e-15
Fine,0.5,1.00,n50,1,0.069846769,6.9306522e-15,6.9306522e-15
Fine,0.5,1.00,n50,1,0.070618039,7.1196593e-15,7.1196593e-15
Fine,0.5,1.00,n50,1,0.0714293,7.3256723e-15,7.3256723e-15
Fine,0.5,1.00,n50,1,0.072300655,7.5553393e-15,7.5553393e-15
Fine,0.5,1.00,n50,1,0.073255918,7.8174704e-15,7.8174704e-15
Fine,0.5,1.00,n50,1,0.074325812,8.1243948e-15,8.1243948e-15
Fine,0.5,1.00,n50,1,0.0755447,8.4919029e-15,8.4919029e-15
Fine,0.5,1.00,n50,1,0.076953192,8.9413108e-15,8.9413108e-15
Fine,0.5,1.00,n50,1,0.078601649,9.5027017e-15,9.5027017e-15
Fine,0.5,1.00,n50,1,0.080543165,1.0215944e-14,1.0215944e-14
Fine,0.5,1.00,n50,1,0.082841345,1.1138339e-14,1.1138339e-14
Fine,0.5,1.00,n50,1,0.085575328,1.2355608e-14,1.2355608e-14
Fine,0.5,1.00,n50,1,0.088831806,1.3993463e-14,1.3993463e-14
Fine,0.5,1.00,n50,1,0.092720282,1.625105e-14,1.625105e-14
Fine,0.5,1.00,n50,1,0.097363409,1.9444189e-14,1.9444189e-14
Fine,0.5,1.00,n50,1,0.10290765,2.410143e-14,2.410143e-14
Fine,0.5,1.00,n50,1,0.10952788,3.1150764e-14,3.1150764e-14
Fine,0.5,1.00,n50,1,0.11652788,4.085042e-14,4.085042e-14
Fine,0.5,1.00,n50,1,0.12352788,5.3552821e-14,5.3552821e-14
Fine,0.5,1.00,n50,1,0.13052788,7.0182554e-14,7.0182554e-14
Fine,0.5,1.00,n50,1,0.13752788,9.1952393e-14,9.1952393e-14
Fine,0.5,1.00,n50,1,0.14452788,1.2045128e-13,1.2045128e-13
Fine,0.5,1.00,n50,1,0.15152788,1.5775998e-13,1.5775998e-13
Fine,0.5,1.00,n50,1,0.15852788,2.0660315e-13,2.0660315e-13
Fine,0.5,1.00,n50,1,0.16552788,2.7054767e-13,2.7054767e-13
Fine,0.5,1.00,n50,1,0.17252788,3.5426293e-13,3.5426293e-13
Fine,0.5,1.00,n50,1,0.17952788,4.6386129e-13,4.6386129e-13
Fine,0.5,1.00,n50,1,0.18652788,6.0734374e-13,6.0734374e-13
Fine,0.5,1.00,n50,1,0.19352788,7.9518307e-13,7.9518307e-13
Fine,0.5,1.00,n50,1,0.20052788,1.041087e-12,1.041087e-12
Fine,0.5,1.00,n50,1,0.20752788,1.362997e-12,1.362997e-12
Fine,0.5,1.00,n50,1,0.21452788,1.7843948e-12,1.7843948e-12
Fine,0.5,1.00,n50,1,0.22152788,2.3360118e-12,2.3360118e-12
Fine,0.5,1.00,n50,1,0.22852788,3.0580662e-12,3.0580662e-12
Fine,0.5,1.00,n50,1,0.23552788,4.0031887e-12,4.0031887e-12
Fine,0.5,1.00,n50,1,0.24252788,5.2402501e-12,5.2402501e-12
Fine,0.5,1.00,n50,1,0.24952788,6.8593676e-12,6.8593676e-12
Fine,0.5,1.00,n50,1,0.25652788,8.9784523e-12,8.9784523e-12
Fine,0.5,1.00,n50,1,0.26352788,1.1751772e-11,1.1751772e-11
Fine,0.5,1.00,n50,1,0.27052788,1.5381149e-11,1.5381149e-11
Fine,0.5,1.00,n50,1,0.27752788,2.0130595e-11,2.0130595e-11
Fine,0.5,1.00,n50,1,0.28452788,2.6345451e-11,2.6345451e-11
Fine,0.5,1.00,n50,1,0.29152788,3.4477398e-11,3.4477398e-11
Fine,0.5,1.00,n50,1,0.29852788,4.5117142e-11,4.5117142e-11
Fine,0.5,1.00,n50,1,0.30552788,5.9037116e-11,5.9037116e-11
Fine,0.5,1.00,n50,1,0.31252788,7.7247262e-11,7.7247262e-11
Fine,0.5,1.00,n50,1,0.31952788,1.0106786e-10,1.0106786e-10
Fine,0.5,1.00,n50,1,0.32652788,1.3222461e-10,1.3222461e-10
Fine,0.5,1.00,n50,1,0.33352788,1.7297268e-10,1.7297268e-10
Fine,0.5,1.00,n50,1,0.34052788,2.2625851e-10,2.2625851e-10
Fine,0.5,1.00,n50,1,0.34752788,2.9593064e-10,2.9593064e-10
Fine,0.5,1.00,n50,1,0.35,3.2535088e-10,3.2535088e-10
Fine,0.5,1.00,n50,2,0.350015,3.2553802e-10,3.2553802e-10
Fine,0.5,1.00,n50,2,0.35003149,3.257439e-10,3.257439e-10
Fine,0.5,1.00,n50,2,0.35004962,3.2597041e-10,3.2597041e-10
Fine,0.5,1.00,n50,2,0.35006956,3.2621961e-10,3.2621961e-10
Fine,0.5,1.00,n50,2,0.35009148,3.2649383e-10,3.2649383e-10
Fine,0.5,1.00,n50,2,0.35011557,3.2679557e-10,3.2679557e-10
Fine,0.5,1.00,n50,2,0.35014206,3.2712765e-10,3.2712765e-10
Fine,0.5,1.00,n50,2,0.35017119,3.2749313e-10,3.2749313e-10
Fine,0.5,1.00,n50,2,0.35020322,3.2789543e-10,3.2789543e-10
Fine,0.5,1.00,n50,2,0.35023843,3.2833831e-10,3.2833831e-10
Fine,0.5,1.00,n50,2,0.35027714,3.2882592e-10,3.2882592e-10
Fine,0.5,1.00,n50,2,0.3503197,3.2936285e-10,3.2936285e-10
Fine,0.5,1.00,n50,2,0.35036649,3.2995419e-10,3.2995419e-10
Fine,0.5,1.00,n50,2,0.35041793,3.3060556e-10,3.3060556e-10
Fine,0.5,1.00,n50,2,0.35047449,3.3132319e-10,3.3132319e-10
Fine,0.5,1.00,n50,2,0.35053668,3.3211397e-10,3.3211397e-10
Fine,0.5,1.00,n50,2,0.35060505,3.3298557e-10,3.3298557e-10
Fine,0.5,1.00,n50,2,0.35068022,3.3394647e-10,3.3394647e-10
Fine,0.5,1.00,n50,2,0.35076286,3.3500614e-10,3.3500614e-10
Fine,0.5,1.00,n50,2,0.35085372,3.3617505e-10,3.3617505e-10
Fine,0.5,1.00,n50,2,0.35095362,3.374649e-10,3.374649e-10
Fine,0.5,1.00,n50,2,0.35106345,3.3888873e-10,3.3888873e-10
Fine,0.5,1.00,n50,2,0.35118421,3.4046107e-10,3.4046107e-10
Fine,0.5,1.00,n50,2,0.35131697,3.4219818e-10,3.4219818e-10
Fine,0.5,1.00,n50,2,0.35146294,3.4411825e-10,3.4411825e-10
Fine,0.5,1.00,n50,2,0.35162342,3.4624167e-10,3.4624167e-10
Fine,0.5,1.00,n50,2,0.35179986,3.4859136e-10,3.4859136e-10
Fine,0.5,1.00,n50,2,0.35199384,3.5119309e-10,3.5119309e-10
Fine,0.5,1.00,n50,2,0.35220712,3.5407592e-10,3.5407592e-10
Fine,0.5,1.00,n50,2,0.35244161,3.5727271e-10,3.5727271e-10
Fine,0.5,1.00,n50,2,0.35269941,3.6082067e-10,3.6082067e-10
Fine,0.5,1.00,n50,2,0.35298285,3.6476205e-10,3.6476205e-10
Fine,0.5,1.00,n50,2,0.35329448,3.6914501e-10,3.6914501e-10
Fine,0.5,1.00,n50,2,0.3536371,3.7402453e-10,3.7402453e-10
Fine,0.5,1.00,n50,2,0.35401379,3.7946364e-10,3.7946364e-10
Fine,0.5,1.00,n50,2,0.35442794,3.855348e-10,3.855348e-10
Fine,0.5,1.00,n50,2,0.35488327,3.9232167e-10,3.9232167e-10
Fine,0.5,1.00,n50,2,0.35538363,3.999173e-10,3.999173e-10
Fine,0.5,1.00,n50,2,0.35593347,4.0843345e-10,4.0843345e-10
Fine,0.5,1.00,n50,2,0.35653769,4.1800065e-10,4.1800065e-10
Fine,0.5,1.00,n50,2,0.35720165,4.2877211e-10,4.2877211e-10
Fine,0.5,1.00,n50,2,0.35793127,4.409285e-10,4.409285e-10
Fine,0.5,1.00,n50,2,0.35868127,4.5378304e-10,4.5378304e-10
Fine,0.5,1.00,n50,2,0.35943127,4.670116e-10,4.670116e-10
Fine,0.5,1.00,n50,2,0.36018127,4.8062504e-10,4.8062504e-10
Fine,0.5,1.00,n50,2,0.36093127,4.9463452e-10,4.9463452e-10
Fine,0.5,1.00,n50,2,0.36168127,5.0905154e-10,5.0905154e-10
Fine,0.5,1.00,n50,2,0.36243127,5.2388789e-10,5.2388789e-10
Fine,0.5,1.00,n50,2,0.36318127,5.3915575e-10,5.3915575e-10
Fine,0.5,1.00,n50,2,0.36393127,5.5486763e-10,5.5486763e-10
Fine,0.5,1.00,n50,2,0.36468127,5.7103639e-10,5.7103639e-10
Fine,0.5,1.00,n50,2,0.36543127,5.8767527e-10,5.8767527e-10
Fine,0.5,1.00,n50,2,0.36618127,6.047979e-10,6.047979e-10
Fine,0.5,1.00,n50,2,0.36693127,6.224183e-10,6.224183e-10
Fine,0.5,1.00,n50,2,0.36768127,6.4055088e-10,6.4055088e-10
Fine,0.5,1.00,n50,2,0.36843127,6.5921048e-10,6.5921048e-10
Fine,0.5,1.00,n50,2,0.36918127,6.7841235e-10,6.7841235e-10
Fine,0.5,1.00,n50,2,0.36993127,6.9817221e-10,6.9817221e-10
Fine,0.5,1.00,n50,2,0.37068127,7.185062e-10,7.185062e-10
Fine,0.5,1.00,n50,2,0.37143127,7.3943093e-10,7.3943093e-10
Fine,0.5,1.00,n50,2,0.37218127,7.6096352e-10,7.6096352e-10
Fine,0.5,1.00,n50,2,0.37293127,7.8312153e-10,7.8312153e-10
Fine,0.5,1.00,n50,2,0.37368127,8.0592307e-10,8.0592307e-10
Fine,0.5,1.00,n50,2,0.37443127,8.2938674e-10,8.2938674e-10
Fine,0.5,1.00,n50,2,0.37518127,8.5353169e-10,8.5353169e-10
Fine,0.5,1.00,n50,2,0.37593127,8.7837762e-10,8.7837762e-10
Fine,0.5,1.00,n50,2,0.37668127,9.0394479e-10,9.0394479e-10
Fine,0.5,1.00,n50,2,0.37743127,9.3025404e-10,9.3025404e-10
Fine,0.5,1.00,n50,2,0.37818127,9.5732681e-10,9.5732681e-10
Fine,0.5,1.00,n50,2,0.37893127,9.8518516e-10,9.8518516e-10
Fine,0.5,1.00,n50,2,0.37968127,1.0138518e-09,1.0138518e-09
Fine,0.5,1.00,n50,2,0.38043127,1.04335e-09,1.04335e-09
Fine,0.5,1.00,n50,2,0.38118127,1.0737038e-09,1.0737038e-09
Fine,0.5,1.00,n50,2,0.38193127,1.1049379e-09,1.1049379e-09
Fine,0.5,1.00,n50,2,0.38268127,1.1370777e-09,1.1370777e-09
Fine,0.5,1.00,n50,2,0.38343127,1.1701493e-09,1.1701493e-09
Fine,0.5,1.00,n50,2,0.38418127,1.2041796e-09,1.2041796e-09
Fine,0.5,1.00,n50,2,0.38493127,1.2391963e-09,1.2391963e-09
Fine,0.5,1.00,n50,2,0.38568127,1.2752277e-09,1.2752277e-09
Fine,0.5,1.00,n50,2,0.38643127,1.3123031e-09,1.3123031e-09
Fine,0.5,1.00,n50,2,0.38718127,1.3504525e-09,1.3504525e-09
Fine,0.5,1.00,n50,2,0.38793127,1.389707e-09,1.389707e-09
Fine,0.5,1.00,n50,2,0.38868127,1.4300983e-09,1.4300983e-09
Fine,0.5,1.00,n50,2,0.38943127,1.4716591e-09,1.4716591e-09
Fine,0.5,1.00,n50,2,0.39018127,1.5144232e-09,1.5144232e-09
Fine,0.5,1.00,n50,2,0.39093127,1.558425e-09,1.558425e-09
Fine,0.5,1.00,n50,2,0.39168127,1.6037002e-09,1.6037002e-09
Fine,0.5,1.00,n50,2,0.39243127,1.6502854e-09,1.6502854e-09
Fine,0.5,1.00,n50,2,0.39318127,1.6982182e-09,1.6982182e-09
Fine,0.5,1.00,n50,2,0.39393127,1.7475374e-09,1.7475374e-09
Fine,0.5,1.00,n50,2,0.39468127,1.7982828e-09,1.7982828e-09
Fine,0.5,1.00,n50,2,0.39543127,1.8504952e-09,1.8504952e-09
Fine,0.5,1.00,n50,2,0.39618127,1.9042169e-09,1.9042169e-09
Fine,0.5,1.00,n50,2,0.39693127,1.9594911e-09,1.9594911e-09
Fine,0.5,1.00,n50,2,0.39768127,2.0163623e-09,2.0163623e-09
Fine,0.5,1.00,n50,2,0.39843127,2.0748763e-09,2.0748763e-09
Fine,0.5,1.00,n50,2,0.39918127,2.1350801e-09,2.1350801e-09
Fine,0.5,1.00,n50,2,0.39993127,2.1970222e-09,2.1970222e-09
Fine,0.5,1.00,n50,2,0.40068127,2.2607524e-09,2.2607524e-09
Fine,0.5,1.00,n50,2,0.40143127,2.3263217e-09,2.3263217e-09
Fine,0.5,1.00,n50,2,0.40218127,2.3937829e-09,2.3937829e-09
Fine,0.5,1.00,n50,2,0.40293127,2.4631899e-09,2.4631899e-09
Fine,0.5,1.00,n50,2,0.40368127,2.5345985e-09,2.5345985e-09
Fine,0.5,1.00,n50,2,0.40443127,2.6080658e-09,2.6080658e-09
Fine,0.5,1.00,n50,2,0.40518127,2.6836505e-09,2.6836505e-09
Fine,0.5,1.00,n50,2,0.40593127,2.7614131e-09,2.7614131e-09
Fine,0.5,1.00,n50,2,0.40668127,2.8414157e-09,2.8414157e-09
Fine,0.5,1.00,n50,2,0.40743127,2.9237223e-09,2.9237223e-09
Fine,0.5,1.00,n50,2,0.40818127,3.0083983e-09,3.0083983e-09
Fine,0.5,1.00,n50,2,0.40893127,3.0955114e-09,3.0955114e-09
Fine,0.5,1.00,n50,2,0.40968127,3.1851308e-09,3.1851308e-09
Fine,0.5,1.00,n50,2,0.41043127,3.2773279e-09,3.2773279e-09
Fine,0.5,1.00,n50,2,0.41118127,3.3721761e-09,3.3721761e-09
Fine,0.5,1.00,n50,2,0.41193127,3.4697505e-09,3.4697505e-09
Fine,0.5,1.00,n50,2,0.41268127,3.5701286e-09,3.5701286e-09
Fine,0.5,1.00,n50,2,0.41343127,3.67339e-09,3.67339e-09
Fine,0.5,1.00,n50,2,0.41418127,3.7796166e-09,3.7796166e-09
Fine,0.5,1.00,n50,2,0.41493127,3.8888922e-09,3.8888922e-09
Fine,0.5,1.00,n50,2,0.41568127,4.0013033e-09,4.0013033e-09
Fine,0.5,1.00,n50,2,0.41643127,4.1169387e-09,4.1169387e-09
Fine,0.5,1.00,n50,2,0.41718127,4.2358895e-09,4.2358895e-09
Fine,0.5,1.00,n50,2,0.41793127,4.3582495e-09,4.3582495e-09
Fine,0.5,1.00,n50,2,0.41868127,4.484115e-09,4.484115e-09
Fine,0.5,1.00,n50,2,0.41943127,4.6135849e-09,4.6135849e-09
Fine,0.5,1.00,n50,2,0.42018127,4.7467608e-09,4.7467608e-09
Fine,0.5,1.00,n50,2,0.42093127,4.8837473e-09,4.8837473e-09
Fine,0.5,1.00,n50,2,0.42168127,5.0246517e-09,5.0246517e-09
Fine,0.5,1.00,n50,2,0.42243127,5.169584e-09,5.169584e-09
Fine,0.5,1.00,n50,2,0.42318127,5.3186577e-09,5.3186577e-09
Fine,0.5,1.00,n50,2,0.42393127,5.471989e-09,5.471989e-09
Fine,0.5,1.00,n50,2,0.42468127,5.6296975e-09,5.6296975e-09
Fine,0.5,1.00,n50,2,0.42543127,5.7919057e-09,5.7919057e-09
Fine,0.5,1.00,n50,2,0.42618127,5.9587399e-09,5.9587399e-09
Fine,0.5,1.00,n50,2,0.42693127,6.1303294e-09,6.1303294e-09
Fine,0.5,1.00,n50,2,0.42768127,6.3068073e-09,6.3068073e-09
Fine,0.5,1.00,n50,2,0.42843127,6.48831e-09,6.48831e-09
Fine,0.5,1.00,n50,2,0.42918127,6.6749778e-09,6.6749778e-09
Fine,0.5,1.00,n50,2,0.42993127,6.8669546e-09,6.8669546e-09
Fine,0.5,1.00,n50,2,0.43068127,7.0643883e-09,7.0643883e-09
Fine,0.5,1.00,n50,2,0.43143127,7.2674307e-09,7.2674307e-09
Fine,0.5,1.00,n50,2,0.43218127,7.4762375e-09,7.4762375e-09
Fine,0.5,1.00,n50,2,0.43293127,7.6909687e-09,7.6909687e-09
Fine,0.5,1.00,n50,2,0.43368127,7.9117886e-09,7.9117886e-09
Fine,0.5,1.00,n50,2,0.43443127,8.1388657e-09,8.1388657e-09
Fine,0.5,1.00,n50,2,0.43518127,8.372373e-09,8.372373e-09
Fine,0.5,1.00,n50,2,0.43593127,8.6124881e-09,8.6124881e-09
Fine,0.5,1.00,n50,2,0.43668127,8.8593932e-09,8.8593932e-09
Fine,0.5,1.00,n50,2,0.43743127,9.1132753e-09,9.1132753e-09
Fine,0.5,1.00,n50,2,0.43818127,9.3743264e-09,9.3743264e-09
Fine,0.5,1.00,n50,2,0.43893127,9.6427433e-09,9.6427433e-09
Fine,0.5,1.00,n50,2,0.43968127,9.918728e-09,9.918728e-09
Fine,0.5,1.00,n50,2,0.44043127,1.0202488e-08,1.0202488e-08
Fine,0.5,1.00,n50,2,0.44118127,1.0494235e-08,1.0494235e-08
Fine,0.5,1.00,n50,2,0.44193127,1.0794189e-08,1.0794189e-08
Fine,0.5,1.00,n50,2,0.44268127,1.1102572e-08,1.1102572e-08
Fine,0.5,1.00,n50,2,0.44343127,1.1419613e-08,1.1419613e-08
Fine,0.5,1.00,n50,2,0.44418127,1.1745549e-08,1.1745549e-08
Fine,0.5,1.00,n50,2,0.44493127,1.208062e-08,1.208062e-08
Fine,0.5,1.00,n50,2,0.44568127,1.2425074e-08,1.2425074e-08
Fine,0.5,1.00,n50,2,0.44643127,1.2779165e-08,1.2779165e-08
Fine,0.5,1.00,n50,2,0.44718127,1.3143151e-08,1.3143151e-08
Fine,0.5,1.00,n50,2,0.44793127,1.3517301e-08,1.3517301e-08
Fine,0.5,1.00,n50,2,0.44868127,1.3901886e-08,1.3901886e-08
Fine,0.5,1.00,n50,2,0.44943127,1.4297187e-08,1.4297187e-08
Fine,0.5,1.00,n50,2,0.45018127,1.470349e-08,1.470349e-08
Fine,0.5,1.00,n50,2,0.45093127,1.512109e-08,1.512109e-08
Fine,0.5,1.00,n50,2,0.45168127,1.5550288e-08,1.5550288e-08
Fine,0.5,1.00,n50,2,0.45243127,1.5991392e-08,1.5991392e-08
Fine,0.5,1.00,n50,2,0.45318127,1.6444718e-08,1.6444718e-08
Fine,0.5,1.00,n50,2,0.45393127,1.6910589e-08,1.6910589e-08
Fine,0.5,1.00,n50,2,0.45468127,1.7389337e-08,1.7389337e-08
Fine,0.5,1.00,n50,2,0.45543127,1.7881302e-08,1.7881302e-08
Fine,0.5,1.00,n50,2,0.45618127,1.838683e-08,1.838683e-08
Fine,0.5,1.00,n50,2,0.45693127,1.8906277e-08,1.8906277e-08
Fine,0.5,1.00,n50,2,0.45768127,1.9440008e-08,1.9440008e-08
Fine,0.5,1.00,n50,2,0.45843127,1.9988394e-08,1.9988394e-08
Fine,0.5,1.00,n50,2,0.45918127,2.0551817e-08,2.0551817e-08
Fine,0.5,1.00,n50,2,0.45993127,2.1130667e-08,2.1130667e-08
Fine,0.5,1.00,n50,2,0.46068127,2.1725343e-08,2.1725343e-08
Fine,0.5,1.00,n50,2,0.46143127,2.2336253e-08,2.2336253e-08
Fine,0.5,1.00,n50,2,0.46218127,2.2963815e-08,2.2963815e-08
Fine,0.5,1.00,n50,2,0.46293127,2.3608454e-08,2.3608454e-08
Fine,0.5,1.00,n50,2,0.46368127,2.4270608e-08,2.4270608e-08
Fine,0.5,1.00,n50,2,0.46443127,2.4950722e-08,2.4950722e-08
Fine,0.5,1.00,n50,2,0.46518127,2.5649252e-08,2.5649252e-08
Fine,0.5,1.00,n50,2,0.46593127,2.6366664e-08,2.6366664e-08
Fine,0.5,1.00,n50,2,0.46668127,2.7103435e-08,2.7103435e-08
Fine,0.5,1.00,n50,2,0.46743127,2.7860049e-08,2.7860049e-08
Fine,0.5,1.00,n50,2,0.46818127,2.8637004e-08,2.8637004e-08
Fine,0.5,1.00,n50,2,0.46893127,2.9434808e-08,2.9434808e-08
Fine,0.5,1.00,n50,2,0.46968127,3.0253976e-08,3.0253976e-08
Fine,0.5,1.00,n50,2,0.47043127,3.1095039e-08,3.1095039e-08
Fine,0.5,1.00,n50,2,0.47118127,3.1958536e-08,3.1958536e-08
Fine,0.5,1.00,n50,2,0.47193127,3.2845017e-08,3.2845017e-08
Fine,0.5,1.00,n50,2,0.47268127,3.3755043e-08,3.3755043e-08
Fine,0.5,1.00,n50,2,0.47343127,3.4689187e-08,3.4689187e-08
Fine,0.5,1.00,n50,2,0.47418127,3.5648034e-08,3.5648034e-08
Fine,0.5,1.00,n50,2,0.47493127,3.6632178e-08,3.6632178e-08
Fine,0.5,1.00,n50,2,0.47568127,3.7642228e-08,3.7642228e-08
Fine,0.5,1.00,n50,2,0.47643127,3.8678801e-08,3.8678801e-08
Fine,0.5,1.00,n50,2,0.47718127,3.9742528e-08,3.9742528e-08
Fine,0.5,1.00,n50,2,0.47793127,4.0834051e-08,4.0834051e-08
Fine,0.5,1.00,n50,2,0.47868127,4.1954024e-08,4.1954024e-08
Fine,0.5,1.00,n50,2,0.47943127,4.3103112e-08,4.3103112e-08
Fine,0.5,1.00,n50,2,0.48018127,4.4281993e-08,4.4281993e-08
Fine,0.5,1.00,n50,2,0.48093127,4.5491358e-08,4.5491358e-08
Fine,0.5,1.00,n50,2,0.48168127,4.6731906e-08,4.6731906e-08
Fine,0.5,1.00,n50,2,0.48243127,4.8004353e-08,4.8004353e-08
Fine,0.5,1.00,n50,2,0.48318127,4.9309424e-08,4.9309424e-08
Fine,0.5,1.00,n50,2,0.48393127,5.0647855e-08,5.0647855e-08
Fine,0.5,1.00,n50,2,0.48468127,5.2020398e-08,5.2020398e-08
Fine,0.5,1.00,n50,2,0.48543127,5.3427814e-08,5.3427814e-08
Fine,0.5,1.00,n50,2,0.48618127,5.4870876e-08,5.4870876e-08
Fine,0.5,1.00,n50,2,0.48693127,5.6350369e-08,5.6350369e-08
Fine,0.5,1.00,n50,2,0.48768127,5.7867092e-08,5.7867092e-08
Fine,0.5,1.00,n50,2,0.48843127,5.9421853e-08,5.9421853e-08
Fine,0.5,1.00,n50,2,0.48918127,6.1015474e-08,6.1015474e-08
Fine,0.5,1.00,n50,2,0.48993127,6.2648786e-08,6.2648786e-08
Fine,0.5,1.00,n50,2,0.49068127,6.4322634e-08,6.4322634e-08
Fine,0.5,1.00,n50,2,0.49143127,6.6037873e-08,6.6037873e-08
Fine,0.5,1.00,n50,2,0.49218127,6.7795369e-08,6.7795369e-08
Fine,0.5,1.00,n50,2,0.49293127,6.9596001e-08,6.9596001e-08
Fine,0.5,1.00,n50,2,0.49368127,7.1440657e-08,7.1440657e-08
Fine,0.5,1.00,n50,2,0.49443127,7.3330236e-08,7.3330236e-08
Fine,0.5,1.00,n50,2,0.49518127,7.5265648e-08,7.5265648e-08
Fine,0.5,1.00,n50,2,0.49593127,7.7247814e-08,7.7247814e-08
Fine,0.5,1.00,n50,2,0.49668127,7.9277663e-08,7.9277663e-08
Fine,0.5,1.00,n50,2,0.49743127,8.1356136e-08,8.1356136e-08
Fine,0.5,1.00,n50,2,0.49818127,8.3484182e-08,8.3484182e-08
Fine,0.5,1.00,n50,2,0.49893127,8.566276e-08,8.566276e-08
Fine,0.5,1.00,n50,2,0.49968127,8.7892838e-08,8.7892838e-08
Fine,0.5,1.00,n50,2,0.5,8.8856386e-08,8.8856386e-08
Fine,0.5,1.00,n50,3,0.5005,9.0387217e-08,9.0387217e-08
Fine,0.5,1.00,n50,3,0.50109852,9.2251001e-08,9.2251001e-08
Fine,0.5,1.00,n50,3,0.50181497,9.4527574e-08,9.4527574e-08
Fine,0.5,1.00,n50,3,0.50267258,9.7319147e-08,9.7319147e-08
Fine,0.5,1.00,n50,3,0.50369918,1.0075796e-07,1.0075796e-07
Fine,0.5,1.00,n50,3,0.50492806,1.0501707e-07,1.0501707e-07
Fine,0.5,1.00,n50,3,0.50639907,1.1032592e-07,1.1032592e-07
Fine,0.5,1.00,n50,3,0.50815992,1.1699284e-07,1.1699284e-07
Fine,0.5,1.00,n50,3,0.51026773,1.254385e-07,1.254385e-07
Fine,0.5,1.00,n50,3,0.51279085,1.362458e-07,1.362458e-07
Fine,0.5,1.00,n50,3,0.51581112,1.5023562e-07,1.5023562e-07
Fine,0.5,1.00,n50,3,0.51942202,1.685588e-07,1.685588e-07
Fine,0.5,1.00,n50,3,0.52373905,1.9290301e-07,1.9290301e-07
Fine,0.5,1.00,n50,3,0.52873905,2.2465681e-07,2.2465681e-07
Fine,0.5,1.00,n50,3,0.53373905,2.6049793e-07,2.6049793e-07
Fine,0.5,1.00,n50,3,0.53873905,3.0068043e-07,3.0068043e-07
Fine,0.5,1.00,n50,3,0.54373905,3.4542274e-07,3.4542274e-07
Fine,0.5,1.00,n50,3,0.54873905,3.9490077e-07,3.9490077e-07
Fine,0.5,1.00,n50,3,0.55373905,4.4924242e-07,4.4924242e-07
Fine,0.5,1.00,n50,3,0.55873905,5.0852368e-07,5.0852368e-07
Fine,0.5,1.00,n50,3,0.56373905,5.7276634e-07,5.7276634e-07
Fine,0.5,1.00,n50,3,0.56873905,6.4193707e-07,6.4193707e-07
Fine,0.5,1.00,n50,3,0.57373905,7.1594775e-07,7.1594775e-07
Fine,0.5,1.00,n50,3,0.57873905,7.9465674e-07,7.9465674e-07
Fine,0.5,1.00,n50,3,0.58373905,8.7787078e-07,8.7787078e-07
Fine,0.5,1.00,n50,3,0.58873905,9.6534729e-07,9.6534729e-07
Fine,0.5,1.00,n50,3,0.59373905,1.0567968e-06,1.0567968e-06
Fine,0.5,1.00,n50,3,0.59873905,1.1518854e-06,1.1518854e-06
Fine,0.5,1.00,n50,3,0.60373905,1.2502371e-06,1.2502371e-06
Fine,0.5,1.00,n50,3,0.60873905,1.3514366e-06,1.3514366e-06
Fine,0.5,1.00,n50,3,0.61373905,1.4550316e-06,1.4550316e-06
Fine,0.5,1.00,n50,3,0.61873905,1.5605362e-06,1.5605362e-06
Fine,0.5,1.00,n50,3,0.62373905,1.6674357e-06,1.6674357e-06
Fine,0.5,1.00,n50,3,0.62873905,1.7751931e-06,1.7751931e-06
Fine,0.5,1.00,n50,3,0.63373905,1.8832593e-06,1.8832593e-06
Fine,0.5,1.00,n50,3,0.63873905,1.9910887e-06,1.9910887e-06
Fine,0.5,1.00,n50,3,0.64373905,2.0981609e-06,2.0981609e-06
Fine,0.5,1.00,n50,3,0.64873905,2.2040106e-06,2.2040106e-06
Fine,0.5,1.00,n50,3,0.65373905,2.3082641e-06,2.3082641e-06
Fine,0.5,1.00,n50,3,0.65873905,2.4106776e-06,2.4106776e-06
Fine,0.5,1.00,n50,3,0.66373905,2.5111664e-06,2.5111664e-06
Fine,0.5,1.00,n50,3,0.66873905,2.6098124e-06,2.6098124e-06
Fine,0.5,1.00,n50,3,0.67373905,2.7068375e-06,2.7068375e-06
Fine,0.5,1.00,n50,3,0.67873905,2.8025457e-06,2.8025457e-06
Fine,0.5,1.00,n50,3,0.68373905,2.8972537e-06,2.8972537e-06
Fine,0.5,1.00,n50,3,0.68873905,2.9912343e-06,2.9912343e-06
Fine,0.5,1.00,n50,3,0.69373905,3.08469e-06,3.08469e-06
Fine,0.5,1.00,n50,3,0.69873905,3.1777536e-06,3.1777536e-06
Fine,0.5,1.00,n50,3,0.70373905,3.2705044e-06,3.2705044e-06
Fine,0.5,1.00,n50,3,0.70873905,3.3629875e-06,3.3629875e-06
Fine,0.5,1.00,n50,3,0.71373905,3.4552281e-06,3.4552281e-06
Fine,0.5,1.00,n50,3,0.71873905,3.5472407e-06,3.5472407e-06
Fine,0.5,1.00,n50,3,0.72373905,3.6390333e-06,3.6390333e-06
Fine,0.5,1.00,n50,3,0.72873905,3.7306101e-06,3.7306101e-06
Fine,0.5,1.00,n50,3,0.73373905,3.8219732e-06,3.8219732e-06
Fine,0.5,1.00,n50,3,0.73873905,3.9131234e-06,3.9131234e-06
Fine,0.5,1.00,n50,3,0.74373905,4.004061e-06,4.004061e-06
Fine,0.5,1.00,n50,3,0.74873905,4.094786e-06,4.094786e-06
Fine,0.5,1.00,n50,3,0.75373905,4.1852987e-06,4.1852987e-06
Fine,0.5,1.00,n50,3,0.75873905,4.2755989e-06,4.2755989e-06
Fine,0.5,1.00,n50,3,0.76373905,4.3656872e-06,4.3656872e-06
Fine,0.5,1.00,n50,3,0.76873905,4.4555639e-06,4.4555639e-06
Fine,0.5,1.00,n50,3,0.77373905,4.5452299e-06,4.5452299e-06
Fine,0.5,1.00,n50,3,0.77873905,4.6346859e-06,4.6346859e-06
Fine,0.5,1.00,n50,3,0.78373905,4.7239329e-06,4.7239329e-06
Fine,0.5,1.00,n50,3,0.78873905,4.812972e-06,4.812972e-06
Fine,0.5,1.00,n50,3,0.79373905,4.9018045e-06,4.9018045e-06
Fine,0.5,1.00,n50,3,0.79873905,4.9904316e-06,4.9904316e-06
Fine,0.5,1.00,n50,3,0.80373905,5.0788547e-06,5.0788547e-06
Fine,0.5,1.00,n50,3,0.80873905,5.1670752e-06,5.1670752e-06
Fine,0.5,1.00,n50,3,0.81373905,5.2550947e-06,5.2550947e-06
Fine,0.5,1.00,n50,3,0.81873905,5.3429147e-06,5.3429147e-06
Fine,0.5,1.00,n50,3,0.82373905,5.4305368e-06,5.4305368e-06
Fine,0.5,1.00,n50,3,0.82873905,5.5179626e-06,5.5179626e-06
Fine,0.5,1.00,n50,3,0.83373905,5.6051938e-06,5.6051938e-06
Fine,0.5,1.00,n50,3,0.83873905,5.6922321e-06,5.6922321e-06
Fine,0.5,1.00,n50,3,0.84373905,5.7790791e-06,5.7790791e-06
Fine,0.5,1.00,n50,3,0.84873905,5.8657366e-06,5.8657366e-06
Fine,0.5,1.00,n50,3,0.85373905,5.9522063e-06,5.9522063e-06
Fine,0.5,1.00,n50,3,0.85873905,6.0384898e-06,6.0384898e-06
Fine,0.5,1.00,n50,3,0.86373905,6.1245889e-06,6.1245889e-06
Fine,0.5,1.00,n50,3,0.86873905,6.2105052e-06,6.2105052e-06
Fine,0.5,1.00,n50,3,0.87373905,6.2962403e-06,6.2962403e-06
Fine,0.5,1.00,n50,3,0.87873905,6.381796e-06,6.381796e-06
Fine,0.5,1.00,n50,3,0.88373905,6.4671737e-06,6.4671737e-06
Fine,0.5,1.00,n50,3,0.88873905,6.5523753e-06,6.5523753e-06
Fine,0.5,1.00,n50,3,0.89373905,6.6374021e-06,6.6374021e-06
Fine,0.5,1.00,n50,3,0.89873905,6.7222557e-06,6.7222557e-06
Fine,0.5,1.00,n50,3,0.90373905,6.8069378e-06,6.8069378e-06
Fine,0.5,1.00,n50,3,0.90873905,6.8914498e-06,6.8914498e-06
Fine,0.5,1.00,n50,3,0.91373905,6.9757931e-06,6.9757931e-06
Fine,0.5,1.00,n50,3,0.91873905,7.0599692e-06,7.0599692e-06
Fine,0.5,1.00,n50,3,0.92373905,7.1439796e-06,7.1439796e-06
Fine,0.5,1.00,n50,3,0.92873905,7.2278256e-06,7.2278256e-06
Fine,0.5,1.00,n50,3,0.93373905,7.3115086e-06,7.3115086e-06
Fine,0.5,1.00,n50,3,0.93873905,7.3950299e-06,7.3950299e-06
Fine,0.5,1.00,n50,3,0.94373905,7.4783908e-06,7.4783908e-06
Fine,0.5,1.00,n50,3,0.94873905,7.5615927e-06,7.5615927e-06
Fine,0.5,1.00,n50,3,0.95373905,7.6446368e-06,7.6446368e-06
Fine,0.5,1.00,n50,3,0.95873905,7.7275242e-06,7.7275242e-06
Fine,0.5,1.00,n50,3,0.96373905,7.8102563e-06,7.8102563e-06
Fine,0.5,1.00,n50,3,0.96873905,7.8928341e-06,7.8928341e-06
Fine,0.5,1.00,n50,3,0.97373905,7.9752588e-06,7.9752588e-06
Fine,0.5,1.00,n50,3,0.97873905,8.0575315e-06,8.0575315e-06
Fine,0.5,1.00,n50,3,0.98373905,8.1396532e-06,8.1396532e-06
Fine,0.5,1.00,n50,3,0.98873905,8.221625e-06,8.221625e-06
Fine,0.5,1.00,n50,3,0.99373905,8.3034479e-06,8.3034479e-06
Fine,0.5,1.00,n50,3,0.99873905,8.3851228e-06,8.3851228e-06
Fine,0.5,1.00,n50,3,1,8.4056971e-06,8.4056971e-06
